"commitDate","armSkuName","armRegionName","meterId","retailPrice"
"2022-04-16 23:02:42","Standard_D2as_v4","centralus","8dae7584-a5ca-5b65-b4c6-73aab620e23d","0.01161"
"2022-04-16 23:02:42","Standard_D2as_v4","eastus","8a9c26f8-f50c-5824-9ca5-291fb1b5b8e0","0.014227"
"2022-04-16 23:02:42","Standard_D2as_v4","eastus2","aa51f393-6f23-5033-868b-0164c570d1ae","0.01032"
"2022-04-16 23:02:42","Standard_D2as_v4","northcentralus","cb657f69-22f1-5dd7-854c-4de8bc2dfc74","0.01032"
"2022-04-16 23:02:42","Standard_D2as_v4","southcentralus","3c504570-d42f-5df5-8a84-f6e45c468451","0.012362"
"2022-04-16 23:02:42","Standard_D2as_v4","westcentralus","be8298d0-e1e6-54fb-b079-df9591ef2c67","0.0115"
"2022-04-16 23:02:42","Standard_D2as_v4","westus","c430c5e0-7bef-5cb0-95c2-dcac36f67870","0.01204"
"2022-04-16 23:02:42","Standard_D2as_v4","westus2","b9edfc4b-0b59-5b6b-8afb-475955cafc2e","0.01032"
"2022-04-16 23:02:42","Standard_D2ds_v4","canadacentral","e4fcedc9-0b55-56a8-816f-afe195afa4b4","0.017779"
"2022-04-16 23:02:42","Standard_D2ds_v4","canadaeast","ad0dcad8-6717-57ce-a656-8d16bd4e188e","0.014704"
"2022-04-16 23:02:42","Standard_D2ds_v4","centralus","312499f6-f5f5-5fc7-940b-223789fd09e0","0.027162"
"2022-04-16 23:02:42","Standard_D2ds_v4","eastus","2a756163-9dd9-5945-998a-8bb504b6903e","0.044251"
"2022-04-16 23:02:42","Standard_D2ds_v4","eastus2","0d258735-abaa-5d3c-b363-b89f5b725529","0.03616"
"2022-04-16 23:02:42","Standard_D2ds_v4","northcentralus","5c71fc59-1b81-588c-af3a-a7c75306f67d","0.020928"
"2022-04-16 23:02:42","Standard_D2ds_v4","southcentralus","323e613a-b20e-5444-94d2-1bf40e1bcad5","0.020742"
"2022-04-16 23:02:42","Standard_D2ds_v4","westcentralus","6acd98a2-d9c9-5a68-a00a-dcb4fc7271a3","0.0136"
"2022-04-16 23:02:42","Standard_D2ds_v4","westus","a11efd02-bbd6-5249-9cab-eedb5be01aec","0.018766"
"2022-04-16 23:02:42","Standard_D2ds_v4","westus2","55d07c76-65fc-50c9-92e2-83fab6d3fed4","0.039143"
"2022-04-16 23:02:42","Standard_D2ds_v4","westus3","e6bf6639-f46c-5c6a-bca6-f67e39900e01","0.018766"
"2022-04-16 23:02:42","Standard_D2s_v3","canadacentral","9e03571e-d150-5472-a987-a2e5861faead","0.015662"
"2022-04-16 23:02:42","Standard_D2s_v3","canadaeast","949f5aba-260b-55ec-ac9d-18367a3d1777","0.015762"
"2022-04-16 23:02:42","Standard_D2s_v3","centralus","fc7cbbf5-c8a4-5869-9cbb-d4fab29b6969","0.026367"
"2022-04-16 23:02:42","Standard_D2s_v3","eastus","898b8731-56dd-5181-bb31-90ac59267863","0.0384"
"2022-04-16 23:02:42","Standard_D2s_v3","eastus2","c9e4b111-af1c-5038-8c83-0edfdc726254","0.0384"
"2022-04-16 23:02:42","Standard_D2s_v3","northcentralus","4886b018-a0b4-5b2d-8d0e-71219615054a","0.0194"
"2022-04-16 23:02:42","Standard_D2s_v3","southcentralus","9b0691e2-7c72-51fd-a36c-30d7731f60a4","0.019162"
"2022-04-16 23:02:42","Standard_D2s_v3","westcentralus","41e3a255-9f0e-5a3d-b15a-14e59cce2310","0.011825"
"2022-04-16 23:02:42","Standard_D2s_v3","westus","e5a7b53f-a96d-53dc-b4d3-0292426b9b63","0.016509"
"2022-04-16 23:02:42","Standard_D2s_v3","westus2","74f61dec-a0d8-5f23-b584-37fda66d97dc","0.037968"
"2022-04-16 23:02:42","Standard_D2s_v3","westus3","0f3fe472-8a52-5ea5-9eb9-9e894ba607db","0.016509"
"2022-04-16 23:02:42","Standard_D4as_v4","centralus","5b868d05-3f65-5bd8-83d2-1360f00d8373","0.023328"
"2022-04-16 23:02:42","Standard_D4as_v4","eastus","6d5b8343-f98d-5571-b852-8bb74beb58e5","0.028454"
"2022-04-16 23:02:42","Standard_D4as_v4","eastus2","ee300153-6ce2-5ea6-9d3e-1c668e551379","0.02064"
"2022-04-16 23:02:42","Standard_D4as_v4","northcentralus","965bc3c7-b609-57a5-9893-1ed009df28cb","0.02064"
"2022-04-16 23:02:42","Standard_D4as_v4","southcentralus","d62ec020-cb43-52b8-ac0d-04ea7805fb8e","0.024725"
"2022-04-16 23:02:42","Standard_D4as_v4","westcentralus","83c0ca29-3478-595b-8174-bf694531c000","0.023"
"2022-04-16 23:02:42","Standard_D4as_v4","westus","a080d608-1f07-5e0a-9507-55641f838dcf","0.02408"
"2022-04-16 23:02:42","Standard_D4as_v4","westus2","6f091de0-9e08-5472-abe0-847cb96f0fbf","0.02064"
"2022-04-16 23:02:42","Standard_D4ds_v4","canadacentral","617531e7-fe93-5d70-b20d-cdc30d338ac2","0.035557"
"2022-04-16 23:02:42","Standard_D4ds_v4","canadaeast","74924e7a-377a-5d77-9797-df72127e2d69","0.029408"
"2022-04-16 23:02:42","Standard_D4ds_v4","centralus","1a6a63f0-147f-5cf0-adb8-89c1978b4ef6","0.054111"
"2022-04-16 23:02:42","Standard_D4ds_v4","eastus","7bb44b9a-ff46-512d-a331-bbfedc5e02e7","0.088502"
"2022-04-16 23:02:42","Standard_D4ds_v4","eastus2","23e418b9-52f0-5a11-b6a5-b891d28f6f4e","0.07232"
"2022-04-16 23:02:42","Standard_D4ds_v4","northcentralus","c452ba12-4719-53af-8c1e-0ac8a79bf544","0.041855"
"2022-04-16 23:02:42","Standard_D4ds_v4","southcentralus","657ab0ca-1b13-5778-bc83-83b1ebd3e2df","0.041483"
"2022-04-16 23:02:42","Standard_D4ds_v4","westcentralus","a4ec942c-4961-548e-9de6-8053496d2e2f","0.0271"
"2022-04-16 23:02:42","Standard_D4ds_v4","westus","44d0d9b9-3bd9-5a83-8582-eff20a9b477b","0.037533"
"2022-04-16 23:02:42","Standard_D4ds_v4","westus2","7edc4c4a-2047-51b1-a6d1-d23b543df5b1","0.078286"
"2022-04-16 23:02:42","Standard_D4ds_v4","westus3","88ec9763-1dd1-56d5-9239-c9af27539259","0.037533"
"2022-04-16 23:02:42","Standard_D4s_v3","canadacentral","d709190f-973a-57e4-bbbc-a975889b1178","0.031324"
"2022-04-16 23:02:42","Standard_D4s_v3","canadaeast","2da56761-ea3c-5787-bb99-41691c2755fd","0.031524"
"2022-04-16 23:02:42","Standard_D4s_v3","centralus","0052b9e1-baf0-5c19-9037-0dc794aeaf54","0.052734"
"2022-04-16 23:02:42","Standard_D4s_v3","eastus","cf64c470-a287-5429-8dd7-756a877824a0","0.0768"
"2022-04-16 23:02:42","Standard_D4s_v3","eastus2","a4bd598c-0fb7-5dbe-b443-e8f0483fc39b","0.0768"
"2022-04-16 23:02:42","Standard_D4s_v3","northcentralus","8858ea15-4fc7-5a9d-9869-c840cbb76d3e","0.0388"
"2022-04-16 23:02:42","Standard_D4s_v3","southcentralus","acd19b89-9c49-57c2-8c43-df4571b1d730","0.038324"
"2022-04-16 23:02:42","Standard_D4s_v3","westcentralus","55088242-d967-59ef-8606-55679683758b","0.02365"
"2022-04-16 23:02:42","Standard_D4s_v3","westus","4495574c-fccf-5c8c-8190-2c822a0c7e6f","0.033017"
"2022-04-16 23:02:42","Standard_D4s_v3","westus2","0a755635-24f7-50b2-a1c5-c1b09bee487d","0.075936"
"2022-04-16 23:02:42","Standard_D4s_v3","westus3","38310a87-f452-5170-be63-27deedb94d57","0.033017"
"2022-04-16 23:02:42","Standard_D8as_v4","centralus","d0a6fe57-e661-5759-900c-bc93b09d16b2","0.046655"
"2022-04-16 23:02:42","Standard_D8as_v4","eastus","befb9497-c80f-5a61-bf86-b5ca9306e5a0","0.056909"
"2022-04-16 23:02:42","Standard_D8as_v4","eastus2","b474fac5-60db-5daf-94e4-8b45784b6c45","0.04128"
"2022-04-16 23:02:42","Standard_D8as_v4","northcentralus","072ba851-76ec-5c38-9e03-f4d3d80d30dd","0.04128"
"2022-04-16 23:02:42","Standard_D8as_v4","southcentralus","75da6490-0fc0-5a83-9ea3-931a47d6e0d0","0.049558"
"2022-04-16 23:02:42","Standard_D8as_v4","westcentralus","8d703a06-6fc7-5d12-b56a-c3ca3f3669b0","0.0461"
"2022-04-16 23:02:42","Standard_D8as_v4","westus","cdc6e2aa-f3d4-5ae4-8add-606cb9592618","0.04816"
"2022-04-16 23:02:42","Standard_D8as_v4","westus2","4562140a-896c-5716-9455-9ee1bc3346f3","0.04128"
"2022-04-16 23:02:42","Standard_D8ds_v4","canadacentral","52e0194b-bbdb-5e67-9b5f-fd7b4a82b31c","0.071114"
"2022-04-16 23:02:42","Standard_D8ds_v4","canadaeast","41bd5488-5452-532c-a384-ad93b696318c","0.058817"
"2022-04-16 23:02:42","Standard_D8ds_v4","centralus","76e33692-e7a5-51be-bb99-17ed1b699cf0","0.108434"
"2022-04-16 23:02:42","Standard_D8ds_v4","eastus","d20a359b-673c-550d-97b3-663e0170facc","0.177003"
"2022-04-16 23:02:42","Standard_D8ds_v4","eastus2","e4cf38c0-116d-5ed6-aa15-8630130a2b1a","0.14464"
"2022-04-16 23:02:42","Standard_D8ds_v4","northcentralus","06296482-e7bf-5df1-bf24-a04561aa9462","0.08371"
"2022-04-16 23:02:42","Standard_D8ds_v4","southcentralus","1dca6bc3-64dd-55c2-aa61-19064ce43761","0.082967"
"2022-04-16 23:02:42","Standard_D8ds_v4","westcentralus","ca80a0cd-3e67-548a-93ec-23bf9b08611a","0.0542"
"2022-04-16 23:02:42","Standard_D8ds_v4","westus","1c304687-75f6-5664-bfa1-a1df11adca62","0.075065"
"2022-04-16 23:02:42","Standard_D8ds_v4","westus2","7dc26a9c-774a-5836-bc02-f8f6cde06c60","0.156573"
"2022-04-16 23:02:42","Standard_D8ds_v4","westus3","10766157-4ac7-5f8c-a091-b44a0aa0981a","0.075065"
"2022-04-16 23:02:42","Standard_D8s_v3","canadacentral","e3501f97-8071-5e44-9f7c-86f4b15bf2f6","0.062648"
"2022-04-16 23:02:42","Standard_D8s_v3","canadaeast","e29e2e2f-e769-5b5c-b097-b2c656453626","0.063048"
"2022-04-16 23:02:42","Standard_D8s_v3","centralus","2a48d79c-6aa5-5b8d-b82e-2b75191f43aa","0.105468"
"2022-04-16 23:02:42","Standard_D8s_v3","eastus","7abfc03d-7189-55de-a0b7-df3b338860cc","0.1536"
"2022-04-16 23:02:42","Standard_D8s_v3","eastus2","8b28f763-78fa-5e22-95a0-ce0df8a68291","0.1536"
"2022-04-16 23:02:42","Standard_D8s_v3","northcentralus","a8854d61-0d1a-5fbc-8e00-ea2736dcb9ca","0.0776"
"2022-04-16 23:02:42","Standard_D8s_v3","southcentralus","04b36d39-0c05-5285-b23c-b66023d8579f","0.076648"
"2022-04-16 23:02:42","Standard_D8s_v3","westcentralus","d2c03623-d1c6-5f05-b033-fea0e89528a9","0.0473"
"2022-04-16 23:02:42","Standard_D8s_v3","westus","f35b4dae-b224-51bc-92f9-bc8786fe82c1","0.066035"
"2022-04-16 23:02:42","Standard_D8s_v3","westus2","e27f016f-a000-5cbd-8a0f-70e5add20e23","0.151872"
"2022-04-16 23:02:42","Standard_D8s_v3","westus3","e77ef13a-eba8-55da-ab24-1a60617b2e14","0.066035"
"2022-04-16 23:02:42","Standard_DS11","canadacentral","23d3fae6-a203-54d1-b1ff-d4d4b631e447","0.020748"
"2022-04-16 23:02:42","Standard_DS11","centralus","431a81ac-ab7b-5792-bf59-b646a19933d6","0.023353"
"2022-04-16 23:02:42","Standard_DS11","eastus","bda6e057-00cd-5301-b9b4-b90149d7af26","0.020748"
"2022-04-16 23:02:42","Standard_DS11","eastus2","a766ced3-3d11-5171-85b9-d74757baf29b","0.018598"
"2022-04-16 23:02:42","Standard_DS11","northcentralus","7918bc53-c6eb-575c-a85c-f5b692aa089b","0.020748"
"2022-04-16 23:02:42","Standard_DS11","southcentralus","ef1aceae-8937-57b8-8ccd-23e4b29d05d5","0.018598"
"2022-04-16 23:02:42","Standard_DS11","westus","28234378-224e-51d6-bd00-113db8b0aad9","0.020748"
"2022-04-16 23:02:42","Standard_DS11","westus3","a287c85a-6621-5df1-8129-2bef48224f25","0.02064"
"2022-04-16 23:02:42","Standard_DS11_v2","canadacentral","35e0d5e6-f6e6-5273-ade3-5f046123b326","0.025821"
"2022-04-16 23:02:42","Standard_DS11_v2","canadaeast","bd47fa29-0172-5783-960f-eed5ce8e8ef3","0.0211"
"2022-04-16 23:02:42","Standard_DS11_v2","centralus","f9be18ce-0338-581a-826c-2e4f2d4dda27","0.03021"
"2022-04-16 23:02:42","Standard_DS11_v2","eastus","6e7ccd17-e8f5-5641-bf19-adc90d8b7f3b","0.071132"
"2022-04-16 23:02:42","Standard_DS11_v2","eastus2","74461c0c-5f2c-5ab0-9ab1-3894f9fe69e4","0.048425"
"2022-04-16 23:02:42","Standard_DS11_v2","northcentralus","19bd583e-f40a-5fd8-a12a-991cbb077a74","0.034262"
"2022-04-16 23:02:42","Standard_DS11_v2","southcentralus","1d2af2ef-68de-5673-b0d9-d94e09540b4d","0.031258"
"2022-04-16 23:02:42","Standard_DS11_v2","westcentralus","29ddd216-f8d7-511a-aeae-61ffd9d905bb","0.019422"
"2022-04-16 23:02:42","Standard_DS11_v2","westus","e0342f39-6ed1-5e43-8281-4db64710f197","0.026104"
"2022-04-16 23:02:42","Standard_DS11_v2","westus2","8dfca65f-8981-5666-8f3b-74ff31402694","0.058602"
"2022-04-16 23:02:42","Standard_DS11_v2","westus3","7c1e97ca-6dca-50ea-8912-502ab952644a","0.026104"
"2022-04-16 23:02:42","Standard_DS11-1_v2","canadacentral","14e8ea66-761c-5b5b-a79d-c817f2355ede","0.025821"
"2022-04-16 23:02:42","Standard_DS11-1_v2","canadaeast","b959731a-48d2-5921-9da6-eb0489e8b9c7","0.0211"
"2022-04-16 23:02:42","Standard_DS11-1_v2","centralus","ed2a65c9-3d2e-5f5a-a179-c8637f672591","0.03021"
"2022-04-16 23:02:42","Standard_DS11-1_v2","eastus","7fef2a68-c4b6-5d4f-b9ae-f715c79d0e1e","0.071132"
"2022-04-16 23:02:42","Standard_DS11-1_v2","eastus2","99167e9b-f603-53e5-8308-7a24d5a3b191","0.048425"
"2022-04-16 23:02:42","Standard_DS11-1_v2","northcentralus","f043e271-7535-520f-a211-aa8cfcd815f5","0.034262"
"2022-04-16 23:02:42","Standard_DS11-1_v2","southcentralus","0467c913-5f9c-5e4c-9ef9-5b2759d21342","0.031258"
"2022-04-16 23:02:42","Standard_DS11-1_v2","westcentralus","76e7d4c7-1a29-5278-899d-707ff3c44ae1","0.019422"
"2022-04-16 23:02:42","Standard_DS11-1_v2","westus","5d6b5da8-f918-5556-bffe-7df64abf82bb","0.026104"
"2022-04-16 23:02:42","Standard_DS11-1_v2","westus2","3d1437d7-0c66-5ac7-84b1-bd7f21e3d55a","0.058602"
"2022-04-16 23:02:42","Standard_DS11-1_v2","westus3","674431aa-ab7e-53e2-a7d0-0ba45a12e213","0.026104"
"2022-04-16 23:02:42","Standard_DS12","canadacentral","8e51efdc-9dbf-5c50-bc75-9f60898167eb","0.041602"
"2022-04-16 23:02:42","Standard_DS12","centralus","ca75d999-4918-51a8-9cc6-a8c7feaf7667","0.046706"
"2022-04-16 23:02:42","Standard_DS12","eastus","67dc82ba-6010-5b36-a9d3-4245b0d2ef3b","0.041495"
"2022-04-16 23:02:42","Standard_DS12","eastus2","29c4f0d9-f9fd-558c-997c-ea0c693e9c30","0.037302"
"2022-04-16 23:02:42","Standard_DS12","northcentralus","2866e7a6-e54d-5647-b105-7ef657dba032","0.041495"
"2022-04-16 23:02:42","Standard_DS12","southcentralus","b47ffee0-d098-5e40-ac39-fdb267f4d287","0.037302"
"2022-04-16 23:02:42","Standard_DS12","westus","d5665038-d080-5732-a42a-d148706a17df","0.041495"
"2022-04-16 23:02:42","Standard_DS12","westus3","705dd984-6a1b-55e0-88c1-56a54113a443","0.041388"
"2022-04-16 23:02:42","Standard_DS12_v2","canadacentral","89ab1423-4ad1-5dfd-9a33-087dfdb93495","0.051643"
"2022-04-16 23:02:42","Standard_DS12_v2","canadaeast","33648ed3-ff87-5a49-8c18-67df8bf202e7","0.0422"
"2022-04-16 23:02:42","Standard_DS12_v2","centralus","d414417f-617b-5ffa-9358-a9989531da5e","0.060584"
"2022-04-16 23:02:42","Standard_DS12_v2","eastus","4217ee12-e3b2-5135-a712-ea42ab121b9f","0.14265"
"2022-04-16 23:02:42","Standard_DS12_v2","eastus2","0d33bc3b-e1f6-5a90-bb57-9cf88f8434ad","0.097175"
"2022-04-16 23:02:42","Standard_DS12_v2","northcentralus","144c342a-d177-57c2-b685-1025e7a4be29","0.068524"
"2022-04-16 23:02:42","Standard_DS12_v2","southcentralus","63674a46-86ec-584a-b14b-a557b3cf412e","0.062516"
"2022-04-16 23:02:42","Standard_DS12_v2","westcentralus","192bd9a9-6022-561a-9bd9-cbc1bbcbbfa5","0.038844"
"2022-04-16 23:02:42","Standard_DS12_v2","westus","feb68e39-160a-55d0-9410-768514b661d3","0.052207"
"2022-04-16 23:02:42","Standard_DS12_v2","westus2","98807d53-f6c9-5555-8c28-b60a8df16b4b","0.117597"
"2022-04-16 23:02:42","Standard_DS12_v2","westus3","8e7a5f5a-1268-505c-a7a9-0e7b9ba1bd5b","0.052207"
"2022-04-16 23:02:42","Standard_DS12-1_v2","canadacentral","dfca386c-a38e-5957-9c61-79f152f0f7f6","0.051643"
"2022-04-16 23:02:42","Standard_DS12-1_v2","canadaeast","08a66a2c-ed2a-5df7-bc23-ce2c3a6182f4","0.0422"
"2022-04-16 23:02:42","Standard_DS12-1_v2","centralus","420e7a43-d557-5840-bb86-ab20ff7de3e6","0.060584"
"2022-04-16 23:02:42","Standard_DS12-1_v2","eastus","e644c90b-a271-554d-90a2-1a929b46f8c3","0.14265"
"2022-04-16 23:02:42","Standard_DS12-1_v2","eastus2","6fd71d0a-a8a0-5491-9af4-9fdc0152e7fe","0.097175"
"2022-04-16 23:02:42","Standard_DS12-1_v2","northcentralus","eedde406-66f2-5bd6-8453-ed0f009ebdb0","0.068524"
"2022-04-16 23:02:42","Standard_DS12-1_v2","southcentralus","7c4f8ab2-804d-51d0-82ed-da496106181f","0.062516"
"2022-04-16 23:02:42","Standard_DS12-1_v2","westcentralus","3b07c5ae-5978-54c5-9f39-ab480dbe0519","0.038844"
"2022-04-16 23:02:42","Standard_DS12-1_v2","westus","cfcc1a2e-4be1-56f8-bd1f-0f19144fab5c","0.052207"
"2022-04-16 23:02:42","Standard_DS12-1_v2","westus2","5106b129-216f-529a-932c-1e102bff0d9a","0.117597"
"2022-04-16 23:02:42","Standard_DS12-1_v2","westus3","da6ec50a-eae9-575c-9642-422d674f1cd1","0.052207"
"2022-04-16 23:02:42","Standard_DS12-2_v2","canadacentral","25844b36-2f0c-5c15-9b11-19f187cfcb8a","0.051643"
"2022-04-16 23:02:42","Standard_DS12-2_v2","canadaeast","d6de7ec0-fea9-5372-a512-5be9ee493de2","0.0422"
"2022-04-16 23:02:42","Standard_DS12-2_v2","centralus","0127a5ee-d5d5-576e-9fe3-8f3ee330a5c1","0.060584"
"2022-04-16 23:02:42","Standard_DS12-2_v2","eastus","f05582fa-8be7-5fc1-bf12-1c64ca5b750c","0.14265"
"2022-04-16 23:02:42","Standard_DS12-2_v2","eastus2","9c73c463-c805-5627-925d-124417d6c4e6","0.097175"
"2022-04-16 23:02:42","Standard_DS12-2_v2","northcentralus","97c99087-0e5c-5f2d-96f8-7b696fc0dd93","0.068524"
"2022-04-16 23:02:42","Standard_DS12-2_v2","southcentralus","95165f49-b7d9-5c3c-b515-410a496b2a22","0.062516"
"2022-04-16 23:02:42","Standard_DS12-2_v2","westcentralus","5ad5d4d1-e5ce-5fdf-9165-f328559323a5","0.038844"
"2022-04-16 23:02:42","Standard_DS12-2_v2","westus","b4a68637-f842-51a0-b896-4d11ac65937b","0.052207"
"2022-04-16 23:02:42","Standard_DS12-2_v2","westus2","407a0ea2-7ceb-5f6b-beba-5111065ab53b","0.117597"
"2022-04-16 23:02:42","Standard_DS12-2_v2","westus3","d62fec24-0aa8-5f1a-b04b-8b05b004fb92","0.052207"
"2022-04-16 23:02:42","Standard_DS2","canadacentral","b38575f6-630c-5b4f-a7ce-d5953e23ebe6","0.016018"
"2022-04-16 23:02:42","Standard_DS2","centralus","4114e856-03ca-504e-899d-04ac06efd7e7","0.018634"
"2022-04-16 23:02:42","Standard_DS2","eastus","d1a55e70-9d43-5ae4-9cee-f049e1338099","0.016555"
"2022-04-16 23:02:42","Standard_DS2","eastus2","eda9a75a-e2d4-5921-b5d1-006694083614","0.014405"
"2022-04-16 23:02:42","Standard_DS2","northcentralus","e20cf9dc-b008-5cd1-9311-f1a472a1563b","0.016555"
"2022-04-16 23:02:42","Standard_DS2","southcentralus","7c9890a0-9aef-5c0c-ac31-397ccd6d72aa","0.014405"
"2022-04-16 23:02:42","Standard_DS2","westus","c2718453-bd6e-50c0-9b7d-029a0d7ff3dd","0.016555"
"2022-04-16 23:02:42","Standard_DS2","westus3","75973478-bfc5-5c58-90fa-3a7836212336","0.016555"
"2022-04-16 23:02:42","Standard_DS2_v2","canadacentral","ed679242-abdd-535b-9955-5d5db1c6a7f3","0.019754"
"2022-04-16 23:02:42","Standard_DS2_v2","canadaeast","b46d9478-07f5-5d10-a08c-79a74698bbe2","0.019754"
"2022-04-16 23:02:42","Standard_DS2_v2","centralus","bc5cb25c-c3f4-5f6c-8945-b9afccadcccc","0.0259"
"2022-04-16 23:02:42","Standard_DS2_v2","eastus","0ec31687-a8d0-58bb-9395-746597e224d1","0.057276"
"2022-04-16 23:02:42","Standard_DS2_v2","eastus2","33be70e9-c29c-5ebc-a142-af93232770ac","0.045338"
"2022-04-16 23:02:42","Standard_DS2_v2","northcentralus","dc0ea18e-4031-5f62-9899-f7ac92a6862b","0.027039"
"2022-04-16 23:02:42","Standard_DS2_v2","southcentralus","22086abb-8e5b-54e2-b733-004bedec62b4","0.023914"
"2022-04-16 23:02:42","Standard_DS2_v2","westcentralus","cb918464-e805-5641-8e67-2da84f97b6cb","0.014859"
"2022-04-16 23:02:42","Standard_DS2_v2","westus","5c6b735f-9aa8-5814-8dbd-fdc8a5cdb274","0.019754"
"2022-04-16 23:02:42","Standard_DS2_v2","westus2","a835b2ae-f49a-5cb3-8452-fc9ed4f5a431","0.044836"
"2022-04-16 23:02:42","Standard_DS2_v2","westus3","5b1f2ba1-4b3e-5c12-acd7-8deea8db2887","0.019754"
"2022-04-16 23:02:42","Standard_DS3","canadacentral","3d8229cb-995e-5e84-ac1a-9429d13f55fd","0.032142"
"2022-04-16 23:02:42","Standard_DS3","centralus","20c2c9c1-8b37-5f82-8c9a-342d975abcbf","0.037268"
"2022-04-16 23:02:42","Standard_DS3","eastus","a67191be-11c5-5828-b931-6849adcdaa65","0.03311"
"2022-04-16 23:02:42","Standard_DS3","eastus2","ce86d808-813a-53a9-b381-823811778b8b","0.02881"
"2022-04-16 23:02:42","Standard_DS3","northcentralus","35f7f210-0a97-56a9-a091-ccc2fb028e38","0.03311"
"2022-04-16 23:02:42","Standard_DS3","southcentralus","64a91821-dae8-51af-a515-00d5c9740b0f","0.02881"
"2022-04-16 23:02:42","Standard_DS3","westus","0634c104-ebfe-5b5c-a09b-5bc959fde864","0.03311"
"2022-04-16 23:02:42","Standard_DS3","westus3","aea2b709-80fd-5c27-bc12-23c1672d2f76","0.03311"
"2022-04-16 23:02:42","Standard_DS3_v2","canadacentral","6a7b5a4c-9c0d-5137-83d3-0778448e1d65","0.039508"
"2022-04-16 23:02:42","Standard_DS3_v2","canadaeast","7e3b911e-d7cb-58b4-a624-d718c9a0975d","0.039508"
"2022-04-16 23:02:42","Standard_DS3_v2","centralus","99ba33e1-a3c4-5ded-a5bc-b9da951cdf0c","0.051978"
"2022-04-16 23:02:42","Standard_DS3_v2","eastus","08ca1bbe-84c0-546a-bdcd-0523d361ceed","0.114944"
"2022-04-16 23:02:42","Standard_DS3_v2","eastus2","9bacb435-e043-5929-a37d-34cf3cb0418e","0.091073"
"2022-04-16 23:02:42","Standard_DS3_v2","northcentralus","21b05c58-3204-55ca-a543-94516ed0bc5c","0.054264"
"2022-04-16 23:02:42","Standard_DS3_v2","southcentralus","6b0bb3a7-a3ff-5f0c-9404-429c58232335","0.047828"
"2022-04-16 23:02:42","Standard_DS3_v2","westcentralus","45c86675-4b8a-5191-a921-feaf9a81ca6e","0.029718"
"2022-04-16 23:02:42","Standard_DS3_v2","westus","9b922657-b405-5e20-9d58-f4d2ed37e3e8","0.039367"
"2022-04-16 23:02:42","Standard_DS3_v2","westus2","2233a9f5-9b17-5eac-bd70-2449d2c193c3","0.090066"
"2022-04-16 23:02:42","Standard_DS3_v2","westus3","a6216bd0-dff3-5003-be5a-31d527f5364e","0.039508"
"2022-04-16 23:02:42","Standard_DS4","canadacentral","15453e24-e531-54be-b0cf-b83b9e12e959","0.064178"
"2022-04-16 23:02:42","Standard_DS4","centralus","2a05335a-3aa8-578f-8a6e-4e2986bb89c2","0.074536"
"2022-04-16 23:02:42","Standard_DS4","eastus","3fab4f32-d12f-534d-b857-aea8d74f72f4","0.06622"
"2022-04-16 23:02:42","Standard_DS4","eastus2","b07ad223-36d2-5ff0-8367-dc96fbc29700","0.05762"
"2022-04-16 23:02:42","Standard_DS4","northcentralus","f5464423-90a1-55d9-96ff-a6a4f0ee313e","0.06622"
"2022-04-16 23:02:42","Standard_DS4","southcentralus","49b0a0d8-d5e6-5e50-8dff-ed934ce55894","0.05762"
"2022-04-16 23:02:42","Standard_DS4","westus","1924fa81-8f2b-5018-8768-ab927c50a6f9","0.06622"
"2022-04-16 23:02:42","Standard_DS4","westus3","79c776ca-96f7-529d-b637-a3ed929fe99f","0.06622"
"2022-04-16 23:02:42","Standard_DS4_v2","canadacentral","07a336eb-52a8-57ea-a6ab-fa27a2373363","0.079016"
"2022-04-16 23:02:42","Standard_DS4_v2","canadaeast","ae3ecb2a-7789-5c07-be4d-e76c1653b840","0.079016"
"2022-04-16 23:02:42","Standard_DS4_v2","centralus","f123fd0f-e06a-58cb-8aae-d3ff7d50ee57","0.103779"
"2022-04-16 23:02:42","Standard_DS4_v2","eastus","84fb3523-50d3-57fe-9c98-a0756d0acd46","0.229496"
"2022-04-16 23:02:42","Standard_DS4_v2","eastus2","9bada905-decc-5915-885c-3d666bfbdbe3","0.182147"
"2022-04-16 23:02:42","Standard_DS4_v2","northcentralus","a9616c50-efef-53f4-bf6e-fb45582e3eef","0.108342"
"2022-04-16 23:02:42","Standard_DS4_v2","southcentralus","f14c4f11-43ae-5855-a38f-0eb0e4a3f024","0.095845"
"2022-04-16 23:02:42","Standard_DS4_v2","westcentralus","f2225e3e-a72b-592a-970d-7c6391061e59","0.059553"
"2022-04-16 23:02:42","Standard_DS4_v2","westus","682679f7-a674-5339-ab06-19843a345596","0.078875"
"2022-04-16 23:02:42","Standard_DS4_v2","westus2","fc942f3a-5c86-50b7-a934-820a777c7094","0.180131"
"2022-04-16 23:02:42","Standard_DS4_v2","westus3","7fb7e720-8c74-54a8-950b-79916109300f","0.078875"
"2022-04-16 23:02:42","Standard_E2as_v4","centralus","3354b889-1bb0-526d-a90f-5a5959eb6073","0.015265"
"2022-04-16 23:02:42","Standard_E2as_v4","eastus","27c24dc0-a2e4-5f40-9404-51c9e5928b98","0.019543"
"2022-04-16 23:02:42","Standard_E2as_v4","eastus2","f0bb8367-008f-5c59-b6c7-9a10628d7b66","0.013545"
"2022-04-16 23:02:42","Standard_E2as_v4","northcentralus","8b18b465-d76f-5c42-9a15-5a4d169fe926","0.013545"
"2022-04-16 23:02:42","Standard_E2as_v4","southcentralus","ce50907f-7ebe-56ea-a981-fda81fdb69ef","0.015432"
"2022-04-16 23:02:42","Standard_E2as_v4","westcentralus","f0bc3d0d-2391-5fc0-ab5e-ab07b04597a4","0.0151"
"2022-04-16 23:02:42","Standard_E2as_v4","westus","8e15958e-9f83-5e61-96f8-7ef84d65e4e2","0.01505"
"2022-04-16 23:02:42","Standard_E2as_v4","westus2","9a670b17-a9b5-58e7-8fe8-5715b6b148f4","0.013545"
"2022-04-16 23:02:42","Standard_E2ds_v4","canadacentral","4bbcdbb6-54fd-5328-b941-4acee35cc63c","0.018581"
"2022-04-16 23:02:42","Standard_E2ds_v4","canadaeast","1c7e913a-4967-57a6-a098-b93de40c86bb","0.017301"
"2022-04-16 23:02:42","Standard_E2ds_v4","centralus","2771092c-bb24-57f4-bc4f-8e47f83e3002","0.03203"
"2022-04-16 23:02:42","Standard_E2ds_v4","eastus","cef24dbe-3848-589f-9cea-6e297296fa65","0.05639"
"2022-04-16 23:02:42","Standard_E2ds_v4","eastus2","c6647e7a-c0cd-58be-bfcc-b14894546040","0.053568"
"2022-04-16 23:02:42","Standard_E2ds_v4","northcentralus","a3e51ce8-453f-5188-af05-5eaa12b1c09d","0.026568"
"2022-04-16 23:02:42","Standard_E2ds_v4","southcentralus","ea6fa493-3023-5a3e-a300-1ef4d3238abf","0.027826"
"2022-04-16 23:02:42","Standard_E2ds_v4","westcentralus","28a12283-07e4-5be3-91f4-30214f3f895f","0.0173"
"2022-04-16 23:02:42","Standard_E2ds_v4","westus","b1d59537-182d-53d9-bed9-de1ff65425ed","0.020752"
"2022-04-16 23:02:42","Standard_E2ds_v4","westus2","6ddd88c8-63a1-577b-8f91-0ec9a5879989","0.043877"
"2022-04-16 23:02:42","Standard_E2ds_v4","westus3","6b2d9be1-4196-5276-b0b6-77f82b2eab19","0.022858"
"2022-04-16 23:02:42","Standard_E2s_v3","canadacentral","4db645d1-0a08-5c9c-9420-cd89fdff9693","0.020601"
"2022-04-16 23:02:42","Standard_E2s_v3","canadaeast","acd4069e-e393-5d60-ad7a-5af9f309c3b6","0.015987"
"2022-04-16 23:02:42","Standard_E2s_v3","centralus","610ff039-6799-5098-b8f2-6796ece14d18","0.037843"
"2022-04-16 23:02:42","Standard_E2s_v3","eastus","f6ff7799-241d-5918-b34c-a92dc7a371b5","0.0504"
"2022-04-16 23:02:42","Standard_E2s_v3","eastus2","4f29d21d-01f9-5e4f-840a-39fe3d3c863f","0.052987"
"2022-04-16 23:02:42","Standard_E2s_v3","northcentralus","25ff2f62-9863-58a7-a78f-ff04dc53336f","0.024444"
"2022-04-16 23:02:42","Standard_E2s_v3","southcentralus","5b6275fc-d3fd-59c8-bd2f-701062d91923","0.025433"
"2022-04-16 23:02:42","Standard_E2s_v3","westcentralus","ebc299f8-9ccd-5205-b363-fdb09eed5543","0.015695"
"2022-04-16 23:02:42","Standard_E2s_v3","westus","b8ac32b9-fe19-5dcd-9c87-777662483368","0.020883"
"2022-04-16 23:02:42","Standard_E2s_v3","westus2","05c44205-2b4a-53a2-973d-e40fcf2ae6a7","0.049568"
"2022-04-16 23:02:42","Standard_E2s_v3","westus3","c361c253-cd91-5f51-bb5c-9bcbb4dc086a","0.020883"
"2022-04-16 23:02:42","Standard_E4-2as_v4","centralus","1ce347f7-65f2-5caa-bd7f-5c8788356ba3","0.030638"
"2022-04-16 23:02:42","Standard_E4-2as_v4","eastus","4a620a01-48fb-5c6a-9781-9bc48bcf9832","0.039085"
"2022-04-16 23:02:42","Standard_E4-2as_v4","eastus2","97e90b11-b3db-5b83-8642-d01c2e8287f9","0.02709"
"2022-04-16 23:02:42","Standard_E4-2as_v4","northcentralus","629551c0-70c7-5c54-bd1a-bce7260a4393","0.02709"
"2022-04-16 23:02:42","Standard_E4-2as_v4","southcentralus","315419a6-9c32-5a3e-96de-217bc0d9bc06","0.030864"
"2022-04-16 23:02:42","Standard_E4-2as_v4","westcentralus","8c8b2805-300c-5054-bb64-6c7c352ae838","0.0302"
"2022-04-16 23:02:42","Standard_E4-2as_v4","westus","440e3b41-038a-5b5a-9106-2a0e76b1ae10","0.0301"
"2022-04-16 23:02:42","Standard_E4-2as_v4","westus2","c53c08d7-78d9-552a-8a9f-f5ba2b2ec15e","0.02709"
"2022-04-16 23:02:42","Standard_E4-2ds_v4","canadacentral","2b6cbbb0-8cf4-500e-9214-f84339d515da","0.037162"
"2022-04-16 23:02:42","Standard_E4-2ds_v4","canadaeast","794bbbbc-6fa4-5c22-9eb7-98daa3e3b14d","0.034602"
"2022-04-16 23:02:42","Standard_E4-2ds_v4","centralus","07c586db-c2a6-54f8-9967-45ca8de0339b","0.063862"
"2022-04-16 23:02:42","Standard_E4-2ds_v4","eastus","4ad64b2f-0f72-5222-87bd-6244b8abb7ad","0.112781"
"2022-04-16 23:02:42","Standard_E4-2ds_v4","eastus2","53ded757-1a7d-5080-abc9-1950a4b204db","0.107136"
"2022-04-16 23:02:42","Standard_E4-2ds_v4","northcentralus","93a9dfc0-8b46-522f-b6ec-d3b84dfd804d","0.053136"
"2022-04-16 23:02:42","Standard_E4-2ds_v4","southcentralus","51d9e5cd-0ec2-5d21-bf0a-37ed073772df","0.055651"
"2022-04-16 23:02:42","Standard_E4-2ds_v4","westcentralus","84d3a3d2-f4f2-5eab-9283-55391fad626d","0.0346"
"2022-04-16 23:02:42","Standard_E4-2ds_v4","westus","fb5909b8-abdf-5b34-ba7c-80c3c9a02d44","0.041504"
"2022-04-16 23:02:42","Standard_E4-2ds_v4","westus2","3b6795e8-373b-5d9e-92f0-b4ccf7867ebe","0.087754"
"2022-04-16 23:02:42","Standard_E4-2ds_v4","westus3","58dbe157-be73-57cb-ae44-5f5cf2d498a6","0.045716"
"2022-04-16 23:02:42","Standard_E4-2s_v3","canadacentral","d7f389e3-702b-5b84-9e9e-ee8f25fbf8dd","0.041201"
"2022-04-16 23:02:42","Standard_E4-2s_v3","canadaeast","286ce422-e59b-579d-a61c-65c357fc720f","0.031974"
"2022-04-16 23:02:42","Standard_E4-2s_v3","centralus","177d4a5b-77ca-5173-8d0d-de2b643562d6","0.075686"
"2022-04-16 23:02:42","Standard_E4-2s_v3","eastus","2b3bf1b6-00ce-576d-ae8a-844cb7ff1623","0.1008"
"2022-04-16 23:02:42","Standard_E4-2s_v3","eastus2","eb82e956-0e29-5b24-8836-2a8f489ab72a","0.105974"
"2022-04-16 23:02:42","Standard_E4-2s_v3","northcentralus","888f37be-2347-5615-9705-025124ebe5ce","0.048888"
"2022-04-16 23:02:42","Standard_E4-2s_v3","southcentralus","2926b32f-0020-55fd-a627-1401a8b0cad1","0.050866"
"2022-04-16 23:02:42","Standard_E4-2s_v3","westcentralus","fce6aa07-f68e-5692-9f09-dcb99485dfb3","0.03139"
"2022-04-16 23:02:42","Standard_E4-2s_v3","westus","8f2582d2-d2cc-5f92-aab8-38c6b8fac59d","0.041766"
"2022-04-16 23:02:42","Standard_E4-2s_v3","westus2","07be252e-d370-51db-9421-634360e2c32a","0.099137"
"2022-04-16 23:02:42","Standard_E4-2s_v3","westus3","04298b07-caa2-5203-914d-06a4c79243b7","0.041766"
"2022-04-16 23:02:42","Standard_E4as_v4","centralus","f547171d-9059-581a-8be4-eac0511fca56","0.030638"
"2022-04-16 23:02:42","Standard_E4as_v4","eastus","72ea95f1-1dcc-55f4-adf6-0c04bfc080b8","0.039085"
"2022-04-16 23:02:42","Standard_E4as_v4","eastus2","a76d69c5-1e5c-547a-aea8-ef6e7234deb4","0.02709"
"2022-04-16 23:02:42","Standard_E4as_v4","northcentralus","e62a51b5-b3c2-5e86-9956-90bd4358f5c6","0.02709"
"2022-04-16 23:02:42","Standard_E4as_v4","southcentralus","7ebb9ac4-d929-57e6-b1ca-d1a7e0ae980c","0.030864"
"2022-04-16 23:02:42","Standard_E4as_v4","westcentralus","f1ba8c3c-a80e-57ac-a31c-78defeee777f","0.0302"
"2022-04-16 23:02:42","Standard_E4as_v4","westus","44a3edb7-f00b-5cd7-838d-152f575b1745","0.0301"
"2022-04-16 23:02:42","Standard_E4as_v4","westus2","5318628e-5485-5f57-98c3-2ad3efb7d1a5","0.02709"
"2022-04-16 23:02:42","Standard_E4ds_v4","canadacentral","e6158b34-e8b3-5170-8d33-af09e2f6baed","0.037162"
"2022-04-16 23:02:42","Standard_E4ds_v4","canadaeast","3b7c1cee-3ef5-5b46-8df1-05138fa14764","0.034602"
"2022-04-16 23:02:42","Standard_E4ds_v4","centralus","806bd9ba-d946-55a5-81be-0e6ff045bd87","0.063862"
"2022-04-16 23:02:42","Standard_E4ds_v4","eastus","2f79752b-2f4c-581f-a250-1c79a2778bb2","0.112781"
"2022-04-16 23:02:42","Standard_E4ds_v4","eastus2","7e807c43-77e5-5d69-8d4f-5aa0fd8a3b70","0.107136"
"2022-04-16 23:02:42","Standard_E4ds_v4","northcentralus","c6307ac9-ba45-5001-9185-7bdb422b3adb","0.053136"
"2022-04-16 23:02:42","Standard_E4ds_v4","southcentralus","3344a68b-4a7b-5974-a29a-93f17dcb75b8","0.055651"
"2022-04-16 23:02:42","Standard_E4ds_v4","westcentralus","6c4597c1-15fb-5055-bcde-6277e25f6b72","0.0346"
"2022-04-16 23:02:42","Standard_E4ds_v4","westus","66fdc430-7f07-52cd-a6cc-64e4b7ef0de6","0.041504"
"2022-04-16 23:02:42","Standard_E4ds_v4","westus2","fcb41697-757a-52e4-ad6e-e2a500cc9d2d","0.087754"
"2022-04-16 23:02:42","Standard_E4ds_v4","westus3","bde15a6e-b515-5f29-a61d-d84222e084b4","0.045716"
"2022-04-16 23:02:42","Standard_E4s_v3","canadacentral","095fc803-6189-50c2-b562-ddfd97454103","0.041201"
"2022-04-16 23:02:42","Standard_E4s_v3","canadaeast","adb419de-b1b8-53ca-87cb-1d0131227e56","0.031974"
"2022-04-16 23:02:42","Standard_E4s_v3","centralus","6f453059-3282-59c4-bc24-7d58119a5a7e","0.075686"
"2022-04-16 23:02:42","Standard_E4s_v3","eastus","71b52760-144f-52b3-ab8d-a339e04bf7e4","0.1008"
"2022-04-16 23:02:42","Standard_E4s_v3","eastus2","cd61a60a-e87c-55e5-8d8b-49506b30c7b0","0.105974"
"2022-04-16 23:02:42","Standard_E4s_v3","northcentralus","7aac497f-4ab3-5c96-8e3b-230b01ddaec0","0.048888"
"2022-04-16 23:02:42","Standard_E4s_v3","southcentralus","685d327a-028b-542f-9ae7-9b70e7a83ca6","0.050866"
"2022-04-16 23:02:42","Standard_E4s_v3","westcentralus","a0d40bd8-6b85-5cd5-b389-7f45ec9a20b3","0.03139"
"2022-04-16 23:02:42","Standard_E4s_v3","westus","9be14299-a4a4-58fb-b25f-157419df99fa","0.041766"
"2022-04-16 23:02:42","Standard_E4s_v3","westus2","b593a3f9-910c-55f0-bca1-866069b86e0f","0.099137"
"2022-04-16 23:02:42","Standard_E4s_v3","westus3","5766f847-5fd4-5f15-830b-69bbe8f3ce66","0.041766"
"2022-04-16 23:02:42","Standard_F16s","canadacentral","1126a82f-6b8b-57c9-8fc4-cef5f646f1cc","0.155293"
"2022-04-16 23:02:42","Standard_F16s","canadaeast","37eaff63-6bbc-5af2-88bc-d1fdc6501ada","0.145346"
"2022-04-16 23:02:42","Standard_F16s","centralus","6c5e2e67-63c7-5573-bc06-e3313281cf77","0.182875"
"2022-04-16 23:02:42","Standard_F16s","eastus","4857513f-9a81-518e-ae2e-01a56b833d1a","0.310201"
"2022-04-16 23:02:42","Standard_F16s","eastus2","f595eece-fbb2-592b-8095-6067e0080345","0.3184"
"2022-04-16 23:02:42","Standard_F16s","northcentralus","37e1973e-aa68-5b3a-af7c-d7e06eb0fe7e","0.154424"
"2022-04-16 23:02:42","Standard_F16s","southcentralus","86dbd6a1-39a2-5995-83ad-1668327dbf31","0.164762"
"2022-04-16 23:02:42","Standard_F16s","westcentralus","30d704c3-a51d-5e6b-913a-b51a213889f6","0.105875"
"2022-04-16 23:02:42","Standard_F16s","westus","38071a49-fac1-5541-8bbc-53286f57270c","0.158165"
"2022-04-16 23:02:42","Standard_F16s","westus2","94084fbc-b7ee-5fe4-9634-5e0c27c7147f","0.313067"
"2022-04-16 23:02:42","Standard_F16s","westus3","0e358fb0-5cd9-5f1d-917e-2737ec6368a2","0.140253"
"2022-04-16 23:02:42","Standard_F16s_v2","canadacentral","fe885ebe-ad50-51d3-9fb1-2d68c4c0adf9","0.078916"
"2022-04-16 23:02:42","Standard_F16s_v2","canadaeast","167922b2-4c6a-5e68-bf36-4f052bf998fc","0.079658"
"2022-04-16 23:02:42","Standard_F16s_v2","centralus","bcc11695-785f-5bf5-bf5f-d82d0c22690d","0.08772"
"2022-04-16 23:02:42","Standard_F16s_v2","eastus","d577a2db-1982-5920-b4be-478a3547a45f","0.103649"
"2022-04-16 23:02:42","Standard_F16s_v2","eastus2","efe87f8a-fbdc-572f-bf23-132895998d82","0.09214"
"2022-04-16 23:02:42","Standard_F16s_v2","northcentralus","9e8195e9-6ec4-543c-a709-6bc2315094fd","0.0731"
"2022-04-16 23:02:42","Standard_F16s_v2","southcentralus","0cb7ce22-6a10-5f6e-9134-d28f50c038ae","0.08772"
"2022-04-16 23:02:42","Standard_F16s_v2","westcentralus","b16baf4f-0db1-564a-91c9-e62bc7476339","0.08772"
"2022-04-16 23:02:42","Standard_F16s_v2","westus","188b48f3-424f-5a26-b3ef-7b6e0ed112ed","0.09116"
"2022-04-16 23:02:42","Standard_F16s_v2","westus2","e982cbb5-21e2-5511-930d-1fb420060857","0.103649"
"2022-04-16 23:02:42","Standard_F16s_v2","westus3","0da77c6e-0ba4-5174-816a-99224aecdf5e","0.09116"
"2022-04-16 23:02:42","Standard_F2s_v2","canadacentral","dd8f910b-495e-5d10-b411-21f12e92897c","0.009873"
"2022-04-16 23:02:42","Standard_F2s_v2","canadaeast","cdb4573d-a089-5295-8577-da98e4829b3c","0.009965"
"2022-04-16 23:02:42","Standard_F2s_v2","centralus","8437d178-34bc-5003-9a8e-575fb20c25bc","0.010965"
"2022-04-16 23:02:42","Standard_F2s_v2","eastus","355b7792-d84e-5934-9d02-79a5e8a855f5","0.012952"
"2022-04-16 23:02:42","Standard_F2s_v2","eastus2","37d8857f-5cce-559e-814b-174ea144f39b","0.011514"
"2022-04-16 23:02:42","Standard_F2s_v2","northcentralus","1952f7e0-978b-5746-8857-57217263aa53","0.009138"
"2022-04-16 23:02:42","Standard_F2s_v2","southcentralus","234a2e09-0822-593d-9c18-5512c93d4f2d","0.010965"
"2022-04-16 23:02:42","Standard_F2s_v2","westcentralus","26fad8c2-9fff-5d58-bc46-b84707963593","0.010965"
"2022-04-16 23:02:42","Standard_F2s_v2","westus","c90fa425-8dd5-52b7-8ad9-a1ab08379fcd","0.011395"
"2022-04-16 23:02:42","Standard_F2s_v2","westus2","d731fd0d-660e-58d6-a396-b7a06a68b3c6","0.012952"
"2022-04-16 23:02:42","Standard_F2s_v2","westus3","1671b120-cd43-5cc1-979c-08f21508cda5","0.011395"
"2022-04-16 23:02:42","Standard_F4s","canadacentral","8932953e-6641-5bcc-8ffc-a430fc241167","0.03873"
"2022-04-16 23:02:42","Standard_F4s","canadaeast","10536894-12fe-5dac-93e3-a9adb8d30cc1","0.036253"
"2022-04-16 23:02:42","Standard_F4s","centralus","b91f4b5b-c147-506b-a12e-9dd74eaa57c3","0.045771"
"2022-04-16 23:02:42","Standard_F4s","eastus","be2406dc-ab40-52e3-ae77-00f9a15139fe","0.07755"
"2022-04-16 23:02:42","Standard_F4s","eastus2","8052cc55-9528-5cbd-973e-cf5f6c105dcf","0.0796"
"2022-04-16 23:02:42","Standard_F4s","northcentralus","7ee515e7-a6e0-56d7-8312-b6bc41ce912a","0.038606"
"2022-04-16 23:02:42","Standard_F4s","southcentralus","b1d80891-4404-51a9-9c7f-6e62ce0b30e6","0.041238"
"2022-04-16 23:02:42","Standard_F4s","westcentralus","57227d8f-1cbe-5ecd-9bc2-a0a05deed353","0.026499"
"2022-04-16 23:02:42","Standard_F4s","westus","273f01c9-f7f2-52e0-bd3c-ea079c913037","0.039541"
"2022-04-16 23:02:42","Standard_F4s","westus2","698629e2-5e19-5d34-904c-c98626633f62","0.078267"
"2022-04-16 23:02:42","Standard_F4s","westus3","19a9e08a-4c63-5a61-987e-204d27e5262b","0.035134"
"2022-04-16 23:02:42","Standard_F4s_v2","canadacentral","ab245322-7ba8-56ab-9d1d-66eebadfde6e","0.019702"
"2022-04-16 23:02:42","Standard_F4s_v2","canadaeast","cd79bbd9-c88b-5b19-aad3-bb127db1d757","0.019888"
"2022-04-16 23:02:42","Standard_F4s_v2","centralus","c8241932-f7f2-5381-a034-befc4a8b11c4","0.02193"
"2022-04-16 23:02:42","Standard_F4s_v2","eastus","6e51163f-86b2-5b85-a5d6-ccc721087432","0.025874"
"2022-04-16 23:02:42","Standard_F4s_v2","eastus2","a510866a-40cd-5a66-871e-92fb14ff6a51","0.023001"
"2022-04-16 23:02:42","Standard_F4s_v2","northcentralus","a563f00e-5a34-5a11-b8f3-8c6f6a3a1467","0.018275"
"2022-04-16 23:02:42","Standard_F4s_v2","southcentralus","19a9a382-0136-5b8b-9830-a42791761a31","0.02193"
"2022-04-16 23:02:42","Standard_F4s_v2","westcentralus","1d27373d-3e23-5479-8616-3d588a4423ed","0.02193"
"2022-04-16 23:02:42","Standard_F4s_v2","westus","7217fc85-ba07-5c9f-adc9-03490c9801e3","0.02279"
"2022-04-16 23:02:42","Standard_F4s_v2","westus2","bad4e66f-7c11-5ff0-937e-e091513173e8","0.025874"
"2022-04-16 23:02:42","Standard_F4s_v2","westus3","33629225-1492-5816-a112-faa4eb495c44","0.02279"
"2022-04-16 23:02:42","Standard_F8s","canadacentral","31fbb874-5a28-5b76-8163-ae40c60421ec","0.077646"
"2022-04-16 23:02:42","Standard_F8s","canadaeast","92017372-fc1a-57a6-ada5-2f45403abeb2","0.072673"
"2022-04-16 23:02:42","Standard_F8s","centralus","ffcc16ef-24f5-58de-af6b-4f5e02b0dcb2","0.091542"
"2022-04-16 23:02:42","Standard_F8s","eastus","bd4f067d-92c5-5253-a8cf-cb9e4d2bea22","0.155101"
"2022-04-16 23:02:42","Standard_F8s","eastus2","f10bc1c8-afa7-5700-8883-757488b20f83","0.1592"
"2022-04-16 23:02:42","Standard_F8s","northcentralus","1c0f6872-e47f-538c-a7ba-35662b307304","0.077212"
"2022-04-16 23:02:42","Standard_F8s","southcentralus","c6d5d90c-79bc-57f0-8205-7add614eb631","0.082475"
"2022-04-16 23:02:42","Standard_F8s","westcentralus","52520bd8-b491-5d7c-948b-9cb6e23d2c19","0.052998"
"2022-04-16 23:02:42","Standard_F8s","westus","375d800c-9add-5c69-8bff-25ade73988b2","0.079082"
"2022-04-16 23:02:42","Standard_F8s","westus2","afbcbdac-3c99-5cbc-a9e0-fe4154dfdf5c","0.156533"
"2022-04-16 23:02:42","Standard_F8s","westus3","8c92e68e-cefc-5d50-bc8b-91ce0ad98c5e","0.070127"
"2022-04-16 23:02:42","Standard_F8s_v2","canadacentral","898f0e20-35cb-5f51-9e61-f27243ca3592","0.039512"
"2022-04-16 23:02:42","Standard_F8s_v2","canadaeast","b07f7415-f566-599c-a623-6422a4542d08","0.039882"
"2022-04-16 23:02:42","Standard_F8s_v2","centralus","4293f472-5c3d-56a4-baf6-14e74d7687a4","0.04386"
"2022-04-16 23:02:42","Standard_F8s_v2","eastus","665f7f15-c466-5c86-8fb5-a6611438140c","0.051748"
"2022-04-16 23:02:42","Standard_F8s_v2","eastus2","2f4ffac5-0aa2-5602-91c2-bc0fbcc76035","0.046002"
"2022-04-16 23:02:42","Standard_F8s_v2","northcentralus","10ec5a36-2744-5449-be52-1ddfdc7bfc42","0.03655"
"2022-04-16 23:02:42","Standard_F8s_v2","southcentralus","d4c1af16-c6bc-5dd5-a35a-7fab32289494","0.04386"
"2022-04-16 23:02:42","Standard_F8s_v2","westcentralus","e61f722a-e100-5e6b-9961-35050ac2871e","0.04386"
"2022-04-16 23:02:42","Standard_F8s_v2","westus","928e6e35-4432-5bad-99da-6775b7ed595b","0.04558"
"2022-04-16 23:02:42","Standard_F8s_v2","westus2","f3616e5b-8394-5de6-8c15-8cad7e5b4b69","0.051748"
"2022-04-16 23:02:42","Standard_F8s_v2","westus3","4074ef50-8b5a-5ed8-8dc0-fb25533ad68d","0.04558"
"2022-04-16 23:02:42","Standard_GS1","canadacentral","8dff410a-2fdd-5bbf-a08d-cde20a1a4dcf","0.0484"
"2022-04-16 23:02:42","Standard_GS1","canadaeast","c011c03b-d053-500f-a392-38c780401382","0.0484"
"2022-04-16 23:02:42","Standard_GS1","eastus2","82238ccf-40b0-575e-80df-a9d23523b7db","0.055"
"2022-04-16 23:02:42","Standard_GS1","westus","7404087a-b070-5589-bda1-f8bb493ed934","0.061"
"2022-04-16 23:02:42","Standard_GS1","westus2","5fb3d735-c2fe-5223-9749-efce84f25953","0.049"
"2022-04-16 23:02:42","Standard_NC4as_T4_v3","centralus","1d33e1d3-912f-5f57-9f84-a57d8dc171d8","0.063855"
"2022-04-16 23:02:42","Standard_NC4as_T4_v3","eastus","a90b9173-0c4d-57b4-8187-33de4ea75ec1","0.154749"
"2022-04-16 23:02:42","Standard_NC4as_T4_v3","eastus2","d0d2b0bc-19fc-5335-a435-dd9985330f0d","0.147701"
"2022-04-16 23:02:42","Standard_NC4as_T4_v3","northcentralus","2eb9565c-09e0-54fa-acda-0586a35f26f6","0.056545"
"2022-04-16 23:02:42","Standard_NC4as_T4_v3","southcentralus","56abbc67-f56d-5140-91c9-be7094fa578f","0.194474"
"2022-04-16 23:02:42","Standard_NC4as_T4_v3","westus","99d093df-f790-5ccd-8f1a-b5c709539b34","0.169108"
"2022-04-16 23:02:42","Standard_NC4as_T4_v3","westus2","c7447a1f-dc8a-59b3-8cfc-956c6479e168","0.154749"
"2022-04-16 23:02:42","Standard_NC4as_T4_v3","westus3","8ce069e2-e9a5-54eb-8aa5-884c29fabcce","0.067832"
"2022-04-17 00:53:58","Standard_D2as_v4","centralus","8dae7584-a5ca-5b65-b4c6-73aab620e23d","0.01161"
"2022-04-17 00:53:58","Standard_D2as_v4","eastus","8a9c26f8-f50c-5824-9ca5-291fb1b5b8e0","0.014227"
"2022-04-17 00:53:58","Standard_D2as_v4","eastus2","aa51f393-6f23-5033-868b-0164c570d1ae","0.01032"
"2022-04-17 00:53:58","Standard_D2as_v4","northcentralus","cb657f69-22f1-5dd7-854c-4de8bc2dfc74","0.01032"
"2022-04-17 00:53:58","Standard_D2as_v4","southcentralus","3c504570-d42f-5df5-8a84-f6e45c468451","0.012362"
"2022-04-17 00:53:58","Standard_D2as_v4","westcentralus","be8298d0-e1e6-54fb-b079-df9591ef2c67","0.0115"
"2022-04-17 00:53:58","Standard_D2as_v4","westus","c430c5e0-7bef-5cb0-95c2-dcac36f67870","0.01204"
"2022-04-17 00:53:58","Standard_D2as_v4","westus2","b9edfc4b-0b59-5b6b-8afb-475955cafc2e","0.01032"
"2022-04-17 00:53:58","Standard_D2ds_v4","canadacentral","e4fcedc9-0b55-56a8-816f-afe195afa4b4","0.017779"
"2022-04-17 00:53:58","Standard_D2ds_v4","canadaeast","ad0dcad8-6717-57ce-a656-8d16bd4e188e","0.014704"
"2022-04-17 00:53:58","Standard_D2ds_v4","centralus","312499f6-f5f5-5fc7-940b-223789fd09e0","0.027162"
"2022-04-17 00:53:58","Standard_D2ds_v4","eastus","2a756163-9dd9-5945-998a-8bb504b6903e","0.044251"
"2022-04-17 00:53:58","Standard_D2ds_v4","eastus2","0d258735-abaa-5d3c-b363-b89f5b725529","0.03616"
"2022-04-17 00:53:58","Standard_D2ds_v4","northcentralus","5c71fc59-1b81-588c-af3a-a7c75306f67d","0.020928"
"2022-04-17 00:53:58","Standard_D2ds_v4","southcentralus","323e613a-b20e-5444-94d2-1bf40e1bcad5","0.020742"
"2022-04-17 00:53:58","Standard_D2ds_v4","westcentralus","6acd98a2-d9c9-5a68-a00a-dcb4fc7271a3","0.0136"
"2022-04-17 00:53:58","Standard_D2ds_v4","westus","a11efd02-bbd6-5249-9cab-eedb5be01aec","0.018766"
"2022-04-17 00:53:58","Standard_D2ds_v4","westus2","55d07c76-65fc-50c9-92e2-83fab6d3fed4","0.039143"
"2022-04-17 00:53:58","Standard_D2ds_v4","westus3","e6bf6639-f46c-5c6a-bca6-f67e39900e01","0.018766"
"2022-04-17 00:53:58","Standard_D2s_v3","canadacentral","9e03571e-d150-5472-a987-a2e5861faead","0.015662"
"2022-04-17 00:53:58","Standard_D2s_v3","canadaeast","949f5aba-260b-55ec-ac9d-18367a3d1777","0.015762"
"2022-04-17 00:53:58","Standard_D2s_v3","centralus","fc7cbbf5-c8a4-5869-9cbb-d4fab29b6969","0.026367"
"2022-04-17 00:53:58","Standard_D2s_v3","eastus","898b8731-56dd-5181-bb31-90ac59267863","0.0384"
"2022-04-17 00:53:58","Standard_D2s_v3","eastus2","c9e4b111-af1c-5038-8c83-0edfdc726254","0.0384"
"2022-04-17 00:53:58","Standard_D2s_v3","northcentralus","4886b018-a0b4-5b2d-8d0e-71219615054a","0.0194"
"2022-04-17 00:53:58","Standard_D2s_v3","southcentralus","9b0691e2-7c72-51fd-a36c-30d7731f60a4","0.019162"
"2022-04-17 00:53:58","Standard_D2s_v3","westcentralus","41e3a255-9f0e-5a3d-b15a-14e59cce2310","0.011825"
"2022-04-17 00:53:58","Standard_D2s_v3","westus","e5a7b53f-a96d-53dc-b4d3-0292426b9b63","0.016509"
"2022-04-17 00:53:58","Standard_D2s_v3","westus2","74f61dec-a0d8-5f23-b584-37fda66d97dc","0.037968"
"2022-04-17 00:53:58","Standard_D2s_v3","westus3","0f3fe472-8a52-5ea5-9eb9-9e894ba607db","0.016509"
"2022-04-17 00:53:58","Standard_D4as_v4","centralus","5b868d05-3f65-5bd8-83d2-1360f00d8373","0.023328"
"2022-04-17 00:53:58","Standard_D4as_v4","eastus","6d5b8343-f98d-5571-b852-8bb74beb58e5","0.028454"
"2022-04-17 00:53:58","Standard_D4as_v4","eastus2","ee300153-6ce2-5ea6-9d3e-1c668e551379","0.02064"
"2022-04-17 00:53:58","Standard_D4as_v4","northcentralus","965bc3c7-b609-57a5-9893-1ed009df28cb","0.02064"
"2022-04-17 00:53:58","Standard_D4as_v4","southcentralus","d62ec020-cb43-52b8-ac0d-04ea7805fb8e","0.024725"
"2022-04-17 00:53:58","Standard_D4as_v4","westcentralus","83c0ca29-3478-595b-8174-bf694531c000","0.023"
"2022-04-17 00:53:58","Standard_D4as_v4","westus","a080d608-1f07-5e0a-9507-55641f838dcf","0.02408"
"2022-04-17 00:53:58","Standard_D4as_v4","westus2","6f091de0-9e08-5472-abe0-847cb96f0fbf","0.02064"
"2022-04-17 00:53:58","Standard_D4ds_v4","canadacentral","617531e7-fe93-5d70-b20d-cdc30d338ac2","0.035557"
"2022-04-17 00:53:58","Standard_D4ds_v4","canadaeast","74924e7a-377a-5d77-9797-df72127e2d69","0.029408"
"2022-04-17 00:53:58","Standard_D4ds_v4","centralus","1a6a63f0-147f-5cf0-adb8-89c1978b4ef6","0.054111"
"2022-04-17 00:53:58","Standard_D4ds_v4","eastus","7bb44b9a-ff46-512d-a331-bbfedc5e02e7","0.088502"
"2022-04-17 00:53:58","Standard_D4ds_v4","eastus2","23e418b9-52f0-5a11-b6a5-b891d28f6f4e","0.07232"
"2022-04-17 00:53:58","Standard_D4ds_v4","northcentralus","c452ba12-4719-53af-8c1e-0ac8a79bf544","0.041855"
"2022-04-17 00:53:58","Standard_D4ds_v4","southcentralus","657ab0ca-1b13-5778-bc83-83b1ebd3e2df","0.041483"
"2022-04-17 00:53:58","Standard_D4ds_v4","westcentralus","a4ec942c-4961-548e-9de6-8053496d2e2f","0.0271"
"2022-04-17 00:53:58","Standard_D4ds_v4","westus","44d0d9b9-3bd9-5a83-8582-eff20a9b477b","0.037533"
"2022-04-17 00:53:58","Standard_D4ds_v4","westus2","7edc4c4a-2047-51b1-a6d1-d23b543df5b1","0.078286"
"2022-04-17 00:53:58","Standard_D4ds_v4","westus3","88ec9763-1dd1-56d5-9239-c9af27539259","0.037533"
"2022-04-17 00:53:58","Standard_D4s_v3","canadacentral","d709190f-973a-57e4-bbbc-a975889b1178","0.031324"
"2022-04-17 00:53:58","Standard_D4s_v3","canadaeast","2da56761-ea3c-5787-bb99-41691c2755fd","0.031524"
"2022-04-17 00:53:58","Standard_D4s_v3","centralus","0052b9e1-baf0-5c19-9037-0dc794aeaf54","0.052734"
"2022-04-17 00:53:58","Standard_D4s_v3","eastus","cf64c470-a287-5429-8dd7-756a877824a0","0.0768"
"2022-04-17 00:53:58","Standard_D4s_v3","eastus2","a4bd598c-0fb7-5dbe-b443-e8f0483fc39b","0.0768"
"2022-04-17 00:53:58","Standard_D4s_v3","northcentralus","8858ea15-4fc7-5a9d-9869-c840cbb76d3e","0.0388"
"2022-04-17 00:53:58","Standard_D4s_v3","southcentralus","acd19b89-9c49-57c2-8c43-df4571b1d730","0.038324"
"2022-04-17 00:53:58","Standard_D4s_v3","westcentralus","55088242-d967-59ef-8606-55679683758b","0.02365"
"2022-04-17 00:53:58","Standard_D4s_v3","westus","4495574c-fccf-5c8c-8190-2c822a0c7e6f","0.033017"
"2022-04-17 00:53:58","Standard_D4s_v3","westus2","0a755635-24f7-50b2-a1c5-c1b09bee487d","0.075936"
"2022-04-17 00:53:58","Standard_D4s_v3","westus3","38310a87-f452-5170-be63-27deedb94d57","0.033017"
"2022-04-17 00:53:58","Standard_D8as_v4","centralus","d0a6fe57-e661-5759-900c-bc93b09d16b2","0.046655"
"2022-04-17 00:53:58","Standard_D8as_v4","eastus","befb9497-c80f-5a61-bf86-b5ca9306e5a0","0.056909"
"2022-04-17 00:53:58","Standard_D8as_v4","eastus2","b474fac5-60db-5daf-94e4-8b45784b6c45","0.04128"
"2022-04-17 00:53:58","Standard_D8as_v4","northcentralus","072ba851-76ec-5c38-9e03-f4d3d80d30dd","0.04128"
"2022-04-17 00:53:58","Standard_D8as_v4","southcentralus","75da6490-0fc0-5a83-9ea3-931a47d6e0d0","0.049558"
"2022-04-17 00:53:58","Standard_D8as_v4","westcentralus","8d703a06-6fc7-5d12-b56a-c3ca3f3669b0","0.0461"
"2022-04-17 00:53:58","Standard_D8as_v4","westus","cdc6e2aa-f3d4-5ae4-8add-606cb9592618","0.04816"
"2022-04-17 00:53:58","Standard_D8as_v4","westus2","4562140a-896c-5716-9455-9ee1bc3346f3","0.04128"
"2022-04-17 00:53:58","Standard_D8ds_v4","canadacentral","52e0194b-bbdb-5e67-9b5f-fd7b4a82b31c","0.071114"
"2022-04-17 00:53:58","Standard_D8ds_v4","canadaeast","41bd5488-5452-532c-a384-ad93b696318c","0.058817"
"2022-04-17 00:53:58","Standard_D8ds_v4","centralus","76e33692-e7a5-51be-bb99-17ed1b699cf0","0.108434"
"2022-04-17 00:53:58","Standard_D8ds_v4","eastus","d20a359b-673c-550d-97b3-663e0170facc","0.177003"
"2022-04-17 00:53:58","Standard_D8ds_v4","eastus2","e4cf38c0-116d-5ed6-aa15-8630130a2b1a","0.14464"
"2022-04-17 00:53:58","Standard_D8ds_v4","northcentralus","06296482-e7bf-5df1-bf24-a04561aa9462","0.08371"
"2022-04-17 00:53:58","Standard_D8ds_v4","southcentralus","1dca6bc3-64dd-55c2-aa61-19064ce43761","0.082967"
"2022-04-17 00:53:58","Standard_D8ds_v4","westcentralus","ca80a0cd-3e67-548a-93ec-23bf9b08611a","0.0542"
"2022-04-17 00:53:58","Standard_D8ds_v4","westus","1c304687-75f6-5664-bfa1-a1df11adca62","0.075065"
"2022-04-17 00:53:58","Standard_D8ds_v4","westus2","7dc26a9c-774a-5836-bc02-f8f6cde06c60","0.156573"
"2022-04-17 00:53:58","Standard_D8ds_v4","westus3","10766157-4ac7-5f8c-a091-b44a0aa0981a","0.075065"
"2022-04-17 00:53:58","Standard_D8s_v3","canadacentral","e3501f97-8071-5e44-9f7c-86f4b15bf2f6","0.062648"
"2022-04-17 00:53:58","Standard_D8s_v3","canadaeast","e29e2e2f-e769-5b5c-b097-b2c656453626","0.063048"
"2022-04-17 00:53:58","Standard_D8s_v3","centralus","2a48d79c-6aa5-5b8d-b82e-2b75191f43aa","0.105468"
"2022-04-17 00:53:58","Standard_D8s_v3","eastus","7abfc03d-7189-55de-a0b7-df3b338860cc","0.1536"
"2022-04-17 00:53:58","Standard_D8s_v3","eastus2","8b28f763-78fa-5e22-95a0-ce0df8a68291","0.1536"
"2022-04-17 00:53:58","Standard_D8s_v3","northcentralus","a8854d61-0d1a-5fbc-8e00-ea2736dcb9ca","0.0776"
"2022-04-17 00:53:58","Standard_D8s_v3","southcentralus","04b36d39-0c05-5285-b23c-b66023d8579f","0.076648"
"2022-04-17 00:53:58","Standard_D8s_v3","westcentralus","d2c03623-d1c6-5f05-b033-fea0e89528a9","0.0473"
"2022-04-17 00:53:58","Standard_D8s_v3","westus","f35b4dae-b224-51bc-92f9-bc8786fe82c1","0.066035"
"2022-04-17 00:53:58","Standard_D8s_v3","westus2","e27f016f-a000-5cbd-8a0f-70e5add20e23","0.151872"
"2022-04-17 00:53:58","Standard_D8s_v3","westus3","e77ef13a-eba8-55da-ab24-1a60617b2e14","0.066035"
"2022-04-17 00:53:58","Standard_DS11","canadacentral","23d3fae6-a203-54d1-b1ff-d4d4b631e447","0.020748"
"2022-04-17 00:53:58","Standard_DS11","centralus","431a81ac-ab7b-5792-bf59-b646a19933d6","0.023353"
"2022-04-17 00:53:58","Standard_DS11","eastus","bda6e057-00cd-5301-b9b4-b90149d7af26","0.020748"
"2022-04-17 00:53:58","Standard_DS11","eastus2","a766ced3-3d11-5171-85b9-d74757baf29b","0.018598"
"2022-04-17 00:53:58","Standard_DS11","northcentralus","7918bc53-c6eb-575c-a85c-f5b692aa089b","0.020748"
"2022-04-17 00:53:58","Standard_DS11","southcentralus","ef1aceae-8937-57b8-8ccd-23e4b29d05d5","0.018598"
"2022-04-17 00:53:58","Standard_DS11","westus","28234378-224e-51d6-bd00-113db8b0aad9","0.020748"
"2022-04-17 00:53:58","Standard_DS11","westus3","a287c85a-6621-5df1-8129-2bef48224f25","0.02064"
"2022-04-17 00:53:58","Standard_DS11_v2","canadacentral","35e0d5e6-f6e6-5273-ade3-5f046123b326","0.025821"
"2022-04-17 00:53:58","Standard_DS11_v2","canadaeast","bd47fa29-0172-5783-960f-eed5ce8e8ef3","0.0211"
"2022-04-17 00:53:58","Standard_DS11_v2","centralus","f9be18ce-0338-581a-826c-2e4f2d4dda27","0.03021"
"2022-04-17 00:53:58","Standard_DS11_v2","eastus","6e7ccd17-e8f5-5641-bf19-adc90d8b7f3b","0.071132"
"2022-04-17 00:53:58","Standard_DS11_v2","eastus2","74461c0c-5f2c-5ab0-9ab1-3894f9fe69e4","0.048425"
"2022-04-17 00:53:58","Standard_DS11_v2","northcentralus","19bd583e-f40a-5fd8-a12a-991cbb077a74","0.034262"
"2022-04-17 00:53:58","Standard_DS11_v2","southcentralus","1d2af2ef-68de-5673-b0d9-d94e09540b4d","0.031258"
"2022-04-17 00:53:58","Standard_DS11_v2","westcentralus","29ddd216-f8d7-511a-aeae-61ffd9d905bb","0.019422"
"2022-04-17 00:53:58","Standard_DS11_v2","westus","e0342f39-6ed1-5e43-8281-4db64710f197","0.026104"
"2022-04-17 00:53:58","Standard_DS11_v2","westus2","8dfca65f-8981-5666-8f3b-74ff31402694","0.058602"
"2022-04-17 00:53:58","Standard_DS11_v2","westus3","7c1e97ca-6dca-50ea-8912-502ab952644a","0.026104"
"2022-04-17 00:53:58","Standard_DS11-1_v2","canadacentral","14e8ea66-761c-5b5b-a79d-c817f2355ede","0.025821"
"2022-04-17 00:53:58","Standard_DS11-1_v2","canadaeast","b959731a-48d2-5921-9da6-eb0489e8b9c7","0.0211"
"2022-04-17 00:53:58","Standard_DS11-1_v2","centralus","ed2a65c9-3d2e-5f5a-a179-c8637f672591","0.03021"
"2022-04-17 00:53:58","Standard_DS11-1_v2","eastus","7fef2a68-c4b6-5d4f-b9ae-f715c79d0e1e","0.071132"
"2022-04-17 00:53:58","Standard_DS11-1_v2","eastus2","99167e9b-f603-53e5-8308-7a24d5a3b191","0.048425"
"2022-04-17 00:53:58","Standard_DS11-1_v2","northcentralus","f043e271-7535-520f-a211-aa8cfcd815f5","0.034262"
"2022-04-17 00:53:58","Standard_DS11-1_v2","southcentralus","0467c913-5f9c-5e4c-9ef9-5b2759d21342","0.031258"
"2022-04-17 00:53:58","Standard_DS11-1_v2","westcentralus","76e7d4c7-1a29-5278-899d-707ff3c44ae1","0.019422"
"2022-04-17 00:53:58","Standard_DS11-1_v2","westus","5d6b5da8-f918-5556-bffe-7df64abf82bb","0.026104"
"2022-04-17 00:53:58","Standard_DS11-1_v2","westus2","3d1437d7-0c66-5ac7-84b1-bd7f21e3d55a","0.058602"
"2022-04-17 00:53:58","Standard_DS11-1_v2","westus3","674431aa-ab7e-53e2-a7d0-0ba45a12e213","0.026104"
"2022-04-17 00:53:58","Standard_DS12","canadacentral","8e51efdc-9dbf-5c50-bc75-9f60898167eb","0.041602"
"2022-04-17 00:53:58","Standard_DS12","centralus","ca75d999-4918-51a8-9cc6-a8c7feaf7667","0.046706"
"2022-04-17 00:53:58","Standard_DS12","eastus","67dc82ba-6010-5b36-a9d3-4245b0d2ef3b","0.041495"
"2022-04-17 00:53:58","Standard_DS12","eastus2","29c4f0d9-f9fd-558c-997c-ea0c693e9c30","0.037302"
"2022-04-17 00:53:58","Standard_DS12","northcentralus","2866e7a6-e54d-5647-b105-7ef657dba032","0.041495"
"2022-04-17 00:53:58","Standard_DS12","southcentralus","b47ffee0-d098-5e40-ac39-fdb267f4d287","0.037302"
"2022-04-17 00:53:58","Standard_DS12","westus","d5665038-d080-5732-a42a-d148706a17df","0.041495"
"2022-04-17 00:53:58","Standard_DS12","westus3","705dd984-6a1b-55e0-88c1-56a54113a443","0.041388"
"2022-04-17 00:53:58","Standard_DS12_v2","canadacentral","89ab1423-4ad1-5dfd-9a33-087dfdb93495","0.051643"
"2022-04-17 00:53:58","Standard_DS12_v2","canadaeast","33648ed3-ff87-5a49-8c18-67df8bf202e7","0.0422"
"2022-04-17 00:53:58","Standard_DS12_v2","centralus","d414417f-617b-5ffa-9358-a9989531da5e","0.060584"
"2022-04-17 00:53:58","Standard_DS12_v2","eastus","4217ee12-e3b2-5135-a712-ea42ab121b9f","0.14265"
"2022-04-17 00:53:58","Standard_DS12_v2","eastus2","0d33bc3b-e1f6-5a90-bb57-9cf88f8434ad","0.097175"
"2022-04-17 00:53:58","Standard_DS12_v2","northcentralus","144c342a-d177-57c2-b685-1025e7a4be29","0.068524"
"2022-04-17 00:53:58","Standard_DS12_v2","southcentralus","63674a46-86ec-584a-b14b-a557b3cf412e","0.062516"
"2022-04-17 00:53:58","Standard_DS12_v2","westcentralus","192bd9a9-6022-561a-9bd9-cbc1bbcbbfa5","0.038844"
"2022-04-17 00:53:58","Standard_DS12_v2","westus","feb68e39-160a-55d0-9410-768514b661d3","0.052207"
"2022-04-17 00:53:58","Standard_DS12_v2","westus2","98807d53-f6c9-5555-8c28-b60a8df16b4b","0.117597"
"2022-04-17 00:53:58","Standard_DS12_v2","westus3","8e7a5f5a-1268-505c-a7a9-0e7b9ba1bd5b","0.052207"
"2022-04-17 00:53:58","Standard_DS12-1_v2","canadacentral","dfca386c-a38e-5957-9c61-79f152f0f7f6","0.051643"
"2022-04-17 00:53:58","Standard_DS12-1_v2","canadaeast","08a66a2c-ed2a-5df7-bc23-ce2c3a6182f4","0.0422"
"2022-04-17 00:53:58","Standard_DS12-1_v2","centralus","420e7a43-d557-5840-bb86-ab20ff7de3e6","0.060584"
"2022-04-17 00:53:58","Standard_DS12-1_v2","eastus","e644c90b-a271-554d-90a2-1a929b46f8c3","0.14265"
"2022-04-17 00:53:58","Standard_DS12-1_v2","eastus2","6fd71d0a-a8a0-5491-9af4-9fdc0152e7fe","0.097175"
"2022-04-17 00:53:58","Standard_DS12-1_v2","northcentralus","eedde406-66f2-5bd6-8453-ed0f009ebdb0","0.068524"
"2022-04-17 00:53:58","Standard_DS12-1_v2","southcentralus","7c4f8ab2-804d-51d0-82ed-da496106181f","0.062516"
"2022-04-17 00:53:58","Standard_DS12-1_v2","westcentralus","3b07c5ae-5978-54c5-9f39-ab480dbe0519","0.038844"
"2022-04-17 00:53:58","Standard_DS12-1_v2","westus","cfcc1a2e-4be1-56f8-bd1f-0f19144fab5c","0.052207"
"2022-04-17 00:53:58","Standard_DS12-1_v2","westus2","5106b129-216f-529a-932c-1e102bff0d9a","0.117597"
"2022-04-17 00:53:58","Standard_DS12-1_v2","westus3","da6ec50a-eae9-575c-9642-422d674f1cd1","0.052207"
"2022-04-17 00:53:58","Standard_DS12-2_v2","canadacentral","25844b36-2f0c-5c15-9b11-19f187cfcb8a","0.051643"
"2022-04-17 00:53:58","Standard_DS12-2_v2","canadaeast","d6de7ec0-fea9-5372-a512-5be9ee493de2","0.0422"
"2022-04-17 00:53:58","Standard_DS12-2_v2","centralus","0127a5ee-d5d5-576e-9fe3-8f3ee330a5c1","0.060584"
"2022-04-17 00:53:58","Standard_DS12-2_v2","eastus","f05582fa-8be7-5fc1-bf12-1c64ca5b750c","0.14265"
"2022-04-17 00:53:58","Standard_DS12-2_v2","eastus2","9c73c463-c805-5627-925d-124417d6c4e6","0.097175"
"2022-04-17 00:53:58","Standard_DS12-2_v2","northcentralus","97c99087-0e5c-5f2d-96f8-7b696fc0dd93","0.068524"
"2022-04-17 00:53:58","Standard_DS12-2_v2","southcentralus","95165f49-b7d9-5c3c-b515-410a496b2a22","0.062516"
"2022-04-17 00:53:58","Standard_DS12-2_v2","westcentralus","5ad5d4d1-e5ce-5fdf-9165-f328559323a5","0.038844"
"2022-04-17 00:53:58","Standard_DS12-2_v2","westus","b4a68637-f842-51a0-b896-4d11ac65937b","0.052207"
"2022-04-17 00:53:58","Standard_DS12-2_v2","westus2","407a0ea2-7ceb-5f6b-beba-5111065ab53b","0.117597"
"2022-04-17 00:53:58","Standard_DS12-2_v2","westus3","d62fec24-0aa8-5f1a-b04b-8b05b004fb92","0.052207"
"2022-04-17 00:53:58","Standard_DS2","canadacentral","b38575f6-630c-5b4f-a7ce-d5953e23ebe6","0.016018"
"2022-04-17 00:53:58","Standard_DS2","centralus","4114e856-03ca-504e-899d-04ac06efd7e7","0.018634"
"2022-04-17 00:53:58","Standard_DS2","eastus","d1a55e70-9d43-5ae4-9cee-f049e1338099","0.016555"
"2022-04-17 00:53:58","Standard_DS2","eastus2","eda9a75a-e2d4-5921-b5d1-006694083614","0.014405"
"2022-04-17 00:53:58","Standard_DS2","northcentralus","e20cf9dc-b008-5cd1-9311-f1a472a1563b","0.016555"
"2022-04-17 00:53:58","Standard_DS2","southcentralus","7c9890a0-9aef-5c0c-ac31-397ccd6d72aa","0.014405"
"2022-04-17 00:53:58","Standard_DS2","westus","c2718453-bd6e-50c0-9b7d-029a0d7ff3dd","0.016555"
"2022-04-17 00:53:58","Standard_DS2","westus3","75973478-bfc5-5c58-90fa-3a7836212336","0.016555"
"2022-04-17 00:53:58","Standard_DS2_v2","canadacentral","ed679242-abdd-535b-9955-5d5db1c6a7f3","0.019754"
"2022-04-17 00:53:58","Standard_DS2_v2","canadaeast","b46d9478-07f5-5d10-a08c-79a74698bbe2","0.019754"
"2022-04-17 00:53:58","Standard_DS2_v2","centralus","bc5cb25c-c3f4-5f6c-8945-b9afccadcccc","0.0259"
"2022-04-17 00:53:58","Standard_DS2_v2","eastus","0ec31687-a8d0-58bb-9395-746597e224d1","0.057276"
"2022-04-17 00:53:58","Standard_DS2_v2","eastus2","33be70e9-c29c-5ebc-a142-af93232770ac","0.045338"
"2022-04-17 00:53:58","Standard_DS2_v2","northcentralus","dc0ea18e-4031-5f62-9899-f7ac92a6862b","0.027039"
"2022-04-17 00:53:58","Standard_DS2_v2","southcentralus","22086abb-8e5b-54e2-b733-004bedec62b4","0.023914"
"2022-04-17 00:53:58","Standard_DS2_v2","westcentralus","cb918464-e805-5641-8e67-2da84f97b6cb","0.014859"
"2022-04-17 00:53:58","Standard_DS2_v2","westus","5c6b735f-9aa8-5814-8dbd-fdc8a5cdb274","0.019754"
"2022-04-17 00:53:58","Standard_DS2_v2","westus2","a835b2ae-f49a-5cb3-8452-fc9ed4f5a431","0.044836"
"2022-04-17 00:53:58","Standard_DS2_v2","westus3","5b1f2ba1-4b3e-5c12-acd7-8deea8db2887","0.019754"
"2022-04-17 00:53:58","Standard_DS3","canadacentral","3d8229cb-995e-5e84-ac1a-9429d13f55fd","0.032142"
"2022-04-17 00:53:58","Standard_DS3","centralus","20c2c9c1-8b37-5f82-8c9a-342d975abcbf","0.037268"
"2022-04-17 00:53:58","Standard_DS3","eastus","a67191be-11c5-5828-b931-6849adcdaa65","0.03311"
"2022-04-17 00:53:58","Standard_DS3","eastus2","ce86d808-813a-53a9-b381-823811778b8b","0.02881"
"2022-04-17 00:53:58","Standard_DS3","northcentralus","35f7f210-0a97-56a9-a091-ccc2fb028e38","0.03311"
"2022-04-17 00:53:58","Standard_DS3","southcentralus","64a91821-dae8-51af-a515-00d5c9740b0f","0.02881"
"2022-04-17 00:53:58","Standard_DS3","westus","0634c104-ebfe-5b5c-a09b-5bc959fde864","0.03311"
"2022-04-17 00:53:58","Standard_DS3","westus3","aea2b709-80fd-5c27-bc12-23c1672d2f76","0.03311"
"2022-04-17 00:53:58","Standard_DS3_v2","canadacentral","6a7b5a4c-9c0d-5137-83d3-0778448e1d65","0.039508"
"2022-04-17 00:53:58","Standard_DS3_v2","canadaeast","7e3b911e-d7cb-58b4-a624-d718c9a0975d","0.039508"
"2022-04-17 00:53:58","Standard_DS3_v2","centralus","99ba33e1-a3c4-5ded-a5bc-b9da951cdf0c","0.051978"
"2022-04-17 00:53:58","Standard_DS3_v2","eastus","08ca1bbe-84c0-546a-bdcd-0523d361ceed","0.114944"
"2022-04-17 00:53:58","Standard_DS3_v2","eastus2","9bacb435-e043-5929-a37d-34cf3cb0418e","0.091073"
"2022-04-17 00:53:58","Standard_DS3_v2","northcentralus","21b05c58-3204-55ca-a543-94516ed0bc5c","0.054264"
"2022-04-17 00:53:58","Standard_DS3_v2","southcentralus","6b0bb3a7-a3ff-5f0c-9404-429c58232335","0.047828"
"2022-04-17 00:53:58","Standard_DS3_v2","westcentralus","45c86675-4b8a-5191-a921-feaf9a81ca6e","0.029718"
"2022-04-17 00:53:58","Standard_DS3_v2","westus","9b922657-b405-5e20-9d58-f4d2ed37e3e8","0.039367"
"2022-04-17 00:53:58","Standard_DS3_v2","westus2","2233a9f5-9b17-5eac-bd70-2449d2c193c3","0.090066"
"2022-04-17 00:53:58","Standard_DS3_v2","westus3","a6216bd0-dff3-5003-be5a-31d527f5364e","0.039508"
"2022-04-17 00:53:58","Standard_DS4","canadacentral","15453e24-e531-54be-b0cf-b83b9e12e959","0.064178"
"2022-04-17 00:53:58","Standard_DS4","centralus","2a05335a-3aa8-578f-8a6e-4e2986bb89c2","0.074536"
"2022-04-17 00:53:58","Standard_DS4","eastus","3fab4f32-d12f-534d-b857-aea8d74f72f4","0.06622"
"2022-04-17 00:53:58","Standard_DS4","eastus2","b07ad223-36d2-5ff0-8367-dc96fbc29700","0.05762"
"2022-04-17 00:53:58","Standard_DS4","northcentralus","f5464423-90a1-55d9-96ff-a6a4f0ee313e","0.06622"
"2022-04-17 00:53:58","Standard_DS4","southcentralus","49b0a0d8-d5e6-5e50-8dff-ed934ce55894","0.05762"
"2022-04-17 00:53:58","Standard_DS4","westus","1924fa81-8f2b-5018-8768-ab927c50a6f9","0.06622"
"2022-04-17 00:53:58","Standard_DS4","westus3","79c776ca-96f7-529d-b637-a3ed929fe99f","0.06622"
"2022-04-17 00:53:58","Standard_DS4_v2","canadacentral","07a336eb-52a8-57ea-a6ab-fa27a2373363","0.079016"
"2022-04-17 00:53:58","Standard_DS4_v2","canadaeast","ae3ecb2a-7789-5c07-be4d-e76c1653b840","0.079016"
"2022-04-17 00:53:58","Standard_DS4_v2","centralus","f123fd0f-e06a-58cb-8aae-d3ff7d50ee57","0.103779"
"2022-04-17 00:53:58","Standard_DS4_v2","eastus","84fb3523-50d3-57fe-9c98-a0756d0acd46","0.229496"
"2022-04-17 00:53:58","Standard_DS4_v2","eastus2","9bada905-decc-5915-885c-3d666bfbdbe3","0.182147"
"2022-04-17 00:53:58","Standard_DS4_v2","northcentralus","a9616c50-efef-53f4-bf6e-fb45582e3eef","0.108342"
"2022-04-17 00:53:58","Standard_DS4_v2","southcentralus","f14c4f11-43ae-5855-a38f-0eb0e4a3f024","0.095845"
"2022-04-17 00:53:58","Standard_DS4_v2","westcentralus","f2225e3e-a72b-592a-970d-7c6391061e59","0.059553"
"2022-04-17 00:53:58","Standard_DS4_v2","westus","682679f7-a674-5339-ab06-19843a345596","0.078875"
"2022-04-17 00:53:58","Standard_DS4_v2","westus2","fc942f3a-5c86-50b7-a934-820a777c7094","0.180131"
"2022-04-17 00:53:58","Standard_DS4_v2","westus3","7fb7e720-8c74-54a8-950b-79916109300f","0.078875"
"2022-04-17 00:53:58","Standard_E2as_v4","centralus","3354b889-1bb0-526d-a90f-5a5959eb6073","0.015265"
"2022-04-17 00:53:58","Standard_E2as_v4","eastus","27c24dc0-a2e4-5f40-9404-51c9e5928b98","0.019543"
"2022-04-17 00:53:58","Standard_E2as_v4","eastus2","f0bb8367-008f-5c59-b6c7-9a10628d7b66","0.013545"
"2022-04-17 00:53:58","Standard_E2as_v4","northcentralus","8b18b465-d76f-5c42-9a15-5a4d169fe926","0.013545"
"2022-04-17 00:53:58","Standard_E2as_v4","southcentralus","ce50907f-7ebe-56ea-a981-fda81fdb69ef","0.015432"
"2022-04-17 00:53:58","Standard_E2as_v4","westcentralus","f0bc3d0d-2391-5fc0-ab5e-ab07b04597a4","0.0151"
"2022-04-17 00:53:58","Standard_E2as_v4","westus","8e15958e-9f83-5e61-96f8-7ef84d65e4e2","0.01505"
"2022-04-17 00:53:58","Standard_E2as_v4","westus2","9a670b17-a9b5-58e7-8fe8-5715b6b148f4","0.013545"
"2022-04-17 00:53:58","Standard_E2ds_v4","canadacentral","4bbcdbb6-54fd-5328-b941-4acee35cc63c","0.018581"
"2022-04-17 00:53:58","Standard_E2ds_v4","canadaeast","1c7e913a-4967-57a6-a098-b93de40c86bb","0.017301"
"2022-04-17 00:53:58","Standard_E2ds_v4","centralus","2771092c-bb24-57f4-bc4f-8e47f83e3002","0.03203"
"2022-04-17 00:53:58","Standard_E2ds_v4","eastus","cef24dbe-3848-589f-9cea-6e297296fa65","0.05639"
"2022-04-17 00:53:58","Standard_E2ds_v4","eastus2","c6647e7a-c0cd-58be-bfcc-b14894546040","0.053568"
"2022-04-17 00:53:58","Standard_E2ds_v4","northcentralus","a3e51ce8-453f-5188-af05-5eaa12b1c09d","0.026568"
"2022-04-17 00:53:58","Standard_E2ds_v4","southcentralus","ea6fa493-3023-5a3e-a300-1ef4d3238abf","0.027826"
"2022-04-17 00:53:58","Standard_E2ds_v4","westcentralus","28a12283-07e4-5be3-91f4-30214f3f895f","0.0173"
"2022-04-17 00:53:58","Standard_E2ds_v4","westus","b1d59537-182d-53d9-bed9-de1ff65425ed","0.020752"
"2022-04-17 00:53:58","Standard_E2ds_v4","westus2","6ddd88c8-63a1-577b-8f91-0ec9a5879989","0.043877"
"2022-04-17 00:53:58","Standard_E2ds_v4","westus3","6b2d9be1-4196-5276-b0b6-77f82b2eab19","0.022858"
"2022-04-17 00:53:58","Standard_E2s_v3","canadacentral","4db645d1-0a08-5c9c-9420-cd89fdff9693","0.020601"
"2022-04-17 00:53:58","Standard_E2s_v3","canadaeast","acd4069e-e393-5d60-ad7a-5af9f309c3b6","0.015987"
"2022-04-17 00:53:58","Standard_E2s_v3","centralus","610ff039-6799-5098-b8f2-6796ece14d18","0.037843"
"2022-04-17 00:53:58","Standard_E2s_v3","eastus","f6ff7799-241d-5918-b34c-a92dc7a371b5","0.0504"
"2022-04-17 00:53:58","Standard_E2s_v3","eastus2","4f29d21d-01f9-5e4f-840a-39fe3d3c863f","0.052987"
"2022-04-17 00:53:58","Standard_E2s_v3","northcentralus","25ff2f62-9863-58a7-a78f-ff04dc53336f","0.024444"
"2022-04-17 00:53:58","Standard_E2s_v3","southcentralus","5b6275fc-d3fd-59c8-bd2f-701062d91923","0.025433"
"2022-04-17 00:53:58","Standard_E2s_v3","westcentralus","ebc299f8-9ccd-5205-b363-fdb09eed5543","0.015695"
"2022-04-17 00:53:58","Standard_E2s_v3","westus","b8ac32b9-fe19-5dcd-9c87-777662483368","0.020883"
"2022-04-17 00:53:58","Standard_E2s_v3","westus2","05c44205-2b4a-53a2-973d-e40fcf2ae6a7","0.049568"
"2022-04-17 00:53:58","Standard_E2s_v3","westus3","c361c253-cd91-5f51-bb5c-9bcbb4dc086a","0.020883"
"2022-04-17 00:53:58","Standard_E4-2as_v4","centralus","1ce347f7-65f2-5caa-bd7f-5c8788356ba3","0.030638"
"2022-04-17 00:53:58","Standard_E4-2as_v4","eastus","4a620a01-48fb-5c6a-9781-9bc48bcf9832","0.039085"
"2022-04-17 00:53:58","Standard_E4-2as_v4","eastus2","97e90b11-b3db-5b83-8642-d01c2e8287f9","0.02709"
"2022-04-17 00:53:58","Standard_E4-2as_v4","northcentralus","629551c0-70c7-5c54-bd1a-bce7260a4393","0.02709"
"2022-04-17 00:53:58","Standard_E4-2as_v4","southcentralus","315419a6-9c32-5a3e-96de-217bc0d9bc06","0.030864"
"2022-04-17 00:53:58","Standard_E4-2as_v4","westcentralus","8c8b2805-300c-5054-bb64-6c7c352ae838","0.0302"
"2022-04-17 00:53:58","Standard_E4-2as_v4","westus","440e3b41-038a-5b5a-9106-2a0e76b1ae10","0.0301"
"2022-04-17 00:53:58","Standard_E4-2as_v4","westus2","c53c08d7-78d9-552a-8a9f-f5ba2b2ec15e","0.02709"
"2022-04-17 00:53:58","Standard_E4-2ds_v4","canadacentral","2b6cbbb0-8cf4-500e-9214-f84339d515da","0.037162"
"2022-04-17 00:53:58","Standard_E4-2ds_v4","canadaeast","794bbbbc-6fa4-5c22-9eb7-98daa3e3b14d","0.034602"
"2022-04-17 00:53:58","Standard_E4-2ds_v4","centralus","07c586db-c2a6-54f8-9967-45ca8de0339b","0.063862"
"2022-04-17 00:53:58","Standard_E4-2ds_v4","eastus","4ad64b2f-0f72-5222-87bd-6244b8abb7ad","0.112781"
"2022-04-17 00:53:58","Standard_E4-2ds_v4","eastus2","53ded757-1a7d-5080-abc9-1950a4b204db","0.107136"
"2022-04-17 00:53:58","Standard_E4-2ds_v4","northcentralus","93a9dfc0-8b46-522f-b6ec-d3b84dfd804d","0.053136"
"2022-04-17 00:53:58","Standard_E4-2ds_v4","southcentralus","51d9e5cd-0ec2-5d21-bf0a-37ed073772df","0.055651"
"2022-04-17 00:53:58","Standard_E4-2ds_v4","westcentralus","84d3a3d2-f4f2-5eab-9283-55391fad626d","0.0346"
"2022-04-17 00:53:58","Standard_E4-2ds_v4","westus","fb5909b8-abdf-5b34-ba7c-80c3c9a02d44","0.041504"
"2022-04-17 00:53:58","Standard_E4-2ds_v4","westus2","3b6795e8-373b-5d9e-92f0-b4ccf7867ebe","0.087754"
"2022-04-17 00:53:58","Standard_E4-2ds_v4","westus3","58dbe157-be73-57cb-ae44-5f5cf2d498a6","0.045716"
"2022-04-17 00:53:58","Standard_E4-2s_v3","canadacentral","d7f389e3-702b-5b84-9e9e-ee8f25fbf8dd","0.041201"
"2022-04-17 00:53:58","Standard_E4-2s_v3","canadaeast","286ce422-e59b-579d-a61c-65c357fc720f","0.031974"
"2022-04-17 00:53:58","Standard_E4-2s_v3","centralus","177d4a5b-77ca-5173-8d0d-de2b643562d6","0.075686"
"2022-04-17 00:53:58","Standard_E4-2s_v3","eastus","2b3bf1b6-00ce-576d-ae8a-844cb7ff1623","0.1008"
"2022-04-17 00:53:58","Standard_E4-2s_v3","eastus2","eb82e956-0e29-5b24-8836-2a8f489ab72a","0.105974"
"2022-04-17 00:53:58","Standard_E4-2s_v3","northcentralus","888f37be-2347-5615-9705-025124ebe5ce","0.048888"
"2022-04-17 00:53:58","Standard_E4-2s_v3","southcentralus","2926b32f-0020-55fd-a627-1401a8b0cad1","0.050866"
"2022-04-17 00:53:58","Standard_E4-2s_v3","westcentralus","fce6aa07-f68e-5692-9f09-dcb99485dfb3","0.03139"
"2022-04-17 00:53:58","Standard_E4-2s_v3","westus","8f2582d2-d2cc-5f92-aab8-38c6b8fac59d","0.041766"
"2022-04-17 00:53:58","Standard_E4-2s_v3","westus2","07be252e-d370-51db-9421-634360e2c32a","0.099137"
"2022-04-17 00:53:58","Standard_E4-2s_v3","westus3","04298b07-caa2-5203-914d-06a4c79243b7","0.041766"
"2022-04-17 00:53:58","Standard_E4as_v4","centralus","f547171d-9059-581a-8be4-eac0511fca56","0.030638"
"2022-04-17 00:53:58","Standard_E4as_v4","eastus","72ea95f1-1dcc-55f4-adf6-0c04bfc080b8","0.039085"
"2022-04-17 00:53:58","Standard_E4as_v4","eastus2","a76d69c5-1e5c-547a-aea8-ef6e7234deb4","0.02709"
"2022-04-17 00:53:58","Standard_E4as_v4","northcentralus","e62a51b5-b3c2-5e86-9956-90bd4358f5c6","0.02709"
"2022-04-17 00:53:58","Standard_E4as_v4","southcentralus","7ebb9ac4-d929-57e6-b1ca-d1a7e0ae980c","0.030864"
"2022-04-17 00:53:58","Standard_E4as_v4","westcentralus","f1ba8c3c-a80e-57ac-a31c-78defeee777f","0.0302"
"2022-04-17 00:53:58","Standard_E4as_v4","westus","44a3edb7-f00b-5cd7-838d-152f575b1745","0.0301"
"2022-04-17 00:53:58","Standard_E4as_v4","westus2","5318628e-5485-5f57-98c3-2ad3efb7d1a5","0.02709"
"2022-04-17 00:53:58","Standard_E4ds_v4","canadacentral","e6158b34-e8b3-5170-8d33-af09e2f6baed","0.037162"
"2022-04-17 00:53:58","Standard_E4ds_v4","canadaeast","3b7c1cee-3ef5-5b46-8df1-05138fa14764","0.034602"
"2022-04-17 00:53:58","Standard_E4ds_v4","centralus","806bd9ba-d946-55a5-81be-0e6ff045bd87","0.063862"
"2022-04-17 00:53:58","Standard_E4ds_v4","eastus","2f79752b-2f4c-581f-a250-1c79a2778bb2","0.112781"
"2022-04-17 00:53:58","Standard_E4ds_v4","eastus2","7e807c43-77e5-5d69-8d4f-5aa0fd8a3b70","0.107136"
"2022-04-17 00:53:58","Standard_E4ds_v4","northcentralus","c6307ac9-ba45-5001-9185-7bdb422b3adb","0.053136"
"2022-04-17 00:53:58","Standard_E4ds_v4","southcentralus","3344a68b-4a7b-5974-a29a-93f17dcb75b8","0.055651"
"2022-04-17 00:53:58","Standard_E4ds_v4","westcentralus","6c4597c1-15fb-5055-bcde-6277e25f6b72","0.0346"
"2022-04-17 00:53:58","Standard_E4ds_v4","westus","66fdc430-7f07-52cd-a6cc-64e4b7ef0de6","0.041504"
"2022-04-17 00:53:58","Standard_E4ds_v4","westus2","fcb41697-757a-52e4-ad6e-e2a500cc9d2d","0.087754"
"2022-04-17 00:53:58","Standard_E4ds_v4","westus3","bde15a6e-b515-5f29-a61d-d84222e084b4","0.045716"
"2022-04-17 00:53:58","Standard_E4s_v3","canadacentral","095fc803-6189-50c2-b562-ddfd97454103","0.041201"
"2022-04-17 00:53:58","Standard_E4s_v3","canadaeast","adb419de-b1b8-53ca-87cb-1d0131227e56","0.031974"
"2022-04-17 00:53:58","Standard_E4s_v3","centralus","6f453059-3282-59c4-bc24-7d58119a5a7e","0.075686"
"2022-04-17 00:53:58","Standard_E4s_v3","eastus","71b52760-144f-52b3-ab8d-a339e04bf7e4","0.1008"
"2022-04-17 00:53:58","Standard_E4s_v3","eastus2","cd61a60a-e87c-55e5-8d8b-49506b30c7b0","0.105974"
"2022-04-17 00:53:58","Standard_E4s_v3","northcentralus","7aac497f-4ab3-5c96-8e3b-230b01ddaec0","0.048888"
"2022-04-17 00:53:58","Standard_E4s_v3","southcentralus","685d327a-028b-542f-9ae7-9b70e7a83ca6","0.050866"
"2022-04-17 00:53:58","Standard_E4s_v3","westcentralus","a0d40bd8-6b85-5cd5-b389-7f45ec9a20b3","0.03139"
"2022-04-17 00:53:58","Standard_E4s_v3","westus","9be14299-a4a4-58fb-b25f-157419df99fa","0.041766"
"2022-04-17 00:53:58","Standard_E4s_v3","westus2","b593a3f9-910c-55f0-bca1-866069b86e0f","0.099137"
"2022-04-17 00:53:58","Standard_E4s_v3","westus3","5766f847-5fd4-5f15-830b-69bbe8f3ce66","0.041766"
"2022-04-17 00:53:58","Standard_F16s","canadacentral","1126a82f-6b8b-57c9-8fc4-cef5f646f1cc","0.155293"
"2022-04-17 00:53:58","Standard_F16s","canadaeast","37eaff63-6bbc-5af2-88bc-d1fdc6501ada","0.145346"
"2022-04-17 00:53:58","Standard_F16s","centralus","6c5e2e67-63c7-5573-bc06-e3313281cf77","0.182875"
"2022-04-17 00:53:58","Standard_F16s","eastus","4857513f-9a81-518e-ae2e-01a56b833d1a","0.310201"
"2022-04-17 00:53:58","Standard_F16s","eastus2","f595eece-fbb2-592b-8095-6067e0080345","0.3184"
"2022-04-17 00:53:58","Standard_F16s","northcentralus","37e1973e-aa68-5b3a-af7c-d7e06eb0fe7e","0.154424"
"2022-04-17 00:53:58","Standard_F16s","southcentralus","86dbd6a1-39a2-5995-83ad-1668327dbf31","0.164762"
"2022-04-17 00:53:58","Standard_F16s","westcentralus","30d704c3-a51d-5e6b-913a-b51a213889f6","0.105875"
"2022-04-17 00:53:58","Standard_F16s","westus","38071a49-fac1-5541-8bbc-53286f57270c","0.158165"
"2022-04-17 00:53:58","Standard_F16s","westus2","94084fbc-b7ee-5fe4-9634-5e0c27c7147f","0.313067"
"2022-04-17 00:53:58","Standard_F16s","westus3","0e358fb0-5cd9-5f1d-917e-2737ec6368a2","0.140253"
"2022-04-17 00:53:58","Standard_F16s_v2","canadacentral","fe885ebe-ad50-51d3-9fb1-2d68c4c0adf9","0.078916"
"2022-04-17 00:53:58","Standard_F16s_v2","canadaeast","167922b2-4c6a-5e68-bf36-4f052bf998fc","0.079658"
"2022-04-17 00:53:58","Standard_F16s_v2","centralus","bcc11695-785f-5bf5-bf5f-d82d0c22690d","0.08772"
"2022-04-17 00:53:58","Standard_F16s_v2","eastus","d577a2db-1982-5920-b4be-478a3547a45f","0.103649"
"2022-04-17 00:53:58","Standard_F16s_v2","eastus2","efe87f8a-fbdc-572f-bf23-132895998d82","0.09214"
"2022-04-17 00:53:58","Standard_F16s_v2","northcentralus","9e8195e9-6ec4-543c-a709-6bc2315094fd","0.0731"
"2022-04-17 00:53:58","Standard_F16s_v2","southcentralus","0cb7ce22-6a10-5f6e-9134-d28f50c038ae","0.08772"
"2022-04-17 00:53:58","Standard_F16s_v2","westcentralus","b16baf4f-0db1-564a-91c9-e62bc7476339","0.08772"
"2022-04-17 00:53:58","Standard_F16s_v2","westus","188b48f3-424f-5a26-b3ef-7b6e0ed112ed","0.09116"
"2022-04-17 00:53:58","Standard_F16s_v2","westus2","e982cbb5-21e2-5511-930d-1fb420060857","0.103649"
"2022-04-17 00:53:58","Standard_F16s_v2","westus3","0da77c6e-0ba4-5174-816a-99224aecdf5e","0.09116"
"2022-04-17 00:53:58","Standard_F2s_v2","canadacentral","dd8f910b-495e-5d10-b411-21f12e92897c","0.009873"
"2022-04-17 00:53:58","Standard_F2s_v2","canadaeast","cdb4573d-a089-5295-8577-da98e4829b3c","0.009965"
"2022-04-17 00:53:58","Standard_F2s_v2","centralus","8437d178-34bc-5003-9a8e-575fb20c25bc","0.010965"
"2022-04-17 00:53:58","Standard_F2s_v2","eastus","355b7792-d84e-5934-9d02-79a5e8a855f5","0.012952"
"2022-04-17 00:53:58","Standard_F2s_v2","eastus2","37d8857f-5cce-559e-814b-174ea144f39b","0.011514"
"2022-04-17 00:53:58","Standard_F2s_v2","northcentralus","1952f7e0-978b-5746-8857-57217263aa53","0.009138"
"2022-04-17 00:53:58","Standard_F2s_v2","southcentralus","234a2e09-0822-593d-9c18-5512c93d4f2d","0.010965"
"2022-04-17 00:53:58","Standard_F2s_v2","westcentralus","26fad8c2-9fff-5d58-bc46-b84707963593","0.010965"
"2022-04-17 00:53:58","Standard_F2s_v2","westus","c90fa425-8dd5-52b7-8ad9-a1ab08379fcd","0.011395"
"2022-04-17 00:53:58","Standard_F2s_v2","westus2","d731fd0d-660e-58d6-a396-b7a06a68b3c6","0.012952"
"2022-04-17 00:53:58","Standard_F2s_v2","westus3","1671b120-cd43-5cc1-979c-08f21508cda5","0.011395"
"2022-04-17 00:53:58","Standard_F4s","canadacentral","8932953e-6641-5bcc-8ffc-a430fc241167","0.03873"
"2022-04-17 00:53:58","Standard_F4s","canadaeast","10536894-12fe-5dac-93e3-a9adb8d30cc1","0.036253"
"2022-04-17 00:53:58","Standard_F4s","centralus","b91f4b5b-c147-506b-a12e-9dd74eaa57c3","0.045771"
"2022-04-17 00:53:58","Standard_F4s","eastus","be2406dc-ab40-52e3-ae77-00f9a15139fe","0.07755"
"2022-04-17 00:53:58","Standard_F4s","eastus2","8052cc55-9528-5cbd-973e-cf5f6c105dcf","0.0796"
"2022-04-17 00:53:58","Standard_F4s","northcentralus","7ee515e7-a6e0-56d7-8312-b6bc41ce912a","0.038606"
"2022-04-17 00:53:58","Standard_F4s","southcentralus","b1d80891-4404-51a9-9c7f-6e62ce0b30e6","0.041238"
"2022-04-17 00:53:58","Standard_F4s","westcentralus","57227d8f-1cbe-5ecd-9bc2-a0a05deed353","0.026499"
"2022-04-17 00:53:58","Standard_F4s","westus","273f01c9-f7f2-52e0-bd3c-ea079c913037","0.039541"
"2022-04-17 00:53:58","Standard_F4s","westus2","698629e2-5e19-5d34-904c-c98626633f62","0.078267"
"2022-04-17 00:53:58","Standard_F4s","westus3","19a9e08a-4c63-5a61-987e-204d27e5262b","0.035134"
"2022-04-17 00:53:58","Standard_F4s_v2","canadacentral","ab245322-7ba8-56ab-9d1d-66eebadfde6e","0.019702"
"2022-04-17 00:53:58","Standard_F4s_v2","canadaeast","cd79bbd9-c88b-5b19-aad3-bb127db1d757","0.019888"
"2022-04-17 00:53:58","Standard_F4s_v2","centralus","c8241932-f7f2-5381-a034-befc4a8b11c4","0.02193"
"2022-04-17 00:53:58","Standard_F4s_v2","eastus","6e51163f-86b2-5b85-a5d6-ccc721087432","0.025874"
"2022-04-17 00:53:58","Standard_F4s_v2","eastus2","a510866a-40cd-5a66-871e-92fb14ff6a51","0.023001"
"2022-04-17 00:53:58","Standard_F4s_v2","northcentralus","a563f00e-5a34-5a11-b8f3-8c6f6a3a1467","0.018275"
"2022-04-17 00:53:58","Standard_F4s_v2","southcentralus","19a9a382-0136-5b8b-9830-a42791761a31","0.02193"
"2022-04-17 00:53:58","Standard_F4s_v2","westcentralus","1d27373d-3e23-5479-8616-3d588a4423ed","0.02193"
"2022-04-17 00:53:58","Standard_F4s_v2","westus","7217fc85-ba07-5c9f-adc9-03490c9801e3","0.02279"
"2022-04-17 00:53:58","Standard_F4s_v2","westus2","bad4e66f-7c11-5ff0-937e-e091513173e8","0.025874"
"2022-04-17 00:53:58","Standard_F4s_v2","westus3","33629225-1492-5816-a112-faa4eb495c44","0.02279"
"2022-04-17 00:53:58","Standard_F8s","canadacentral","31fbb874-5a28-5b76-8163-ae40c60421ec","0.077646"
"2022-04-17 00:53:58","Standard_F8s","canadaeast","92017372-fc1a-57a6-ada5-2f45403abeb2","0.072673"
"2022-04-17 00:53:58","Standard_F8s","centralus","ffcc16ef-24f5-58de-af6b-4f5e02b0dcb2","0.091542"
"2022-04-17 00:53:58","Standard_F8s","eastus","bd4f067d-92c5-5253-a8cf-cb9e4d2bea22","0.155101"
"2022-04-17 00:53:58","Standard_F8s","eastus2","f10bc1c8-afa7-5700-8883-757488b20f83","0.1592"
"2022-04-17 00:53:58","Standard_F8s","northcentralus","1c0f6872-e47f-538c-a7ba-35662b307304","0.077212"
"2022-04-17 00:53:58","Standard_F8s","southcentralus","c6d5d90c-79bc-57f0-8205-7add614eb631","0.082475"
"2022-04-17 00:53:58","Standard_F8s","westcentralus","52520bd8-b491-5d7c-948b-9cb6e23d2c19","0.052998"
"2022-04-17 00:53:58","Standard_F8s","westus","375d800c-9add-5c69-8bff-25ade73988b2","0.079082"
"2022-04-17 00:53:58","Standard_F8s","westus2","afbcbdac-3c99-5cbc-a9e0-fe4154dfdf5c","0.156533"
"2022-04-17 00:53:58","Standard_F8s","westus3","8c92e68e-cefc-5d50-bc8b-91ce0ad98c5e","0.070127"
"2022-04-17 00:53:58","Standard_F8s_v2","canadacentral","898f0e20-35cb-5f51-9e61-f27243ca3592","0.039512"
"2022-04-17 00:53:58","Standard_F8s_v2","canadaeast","b07f7415-f566-599c-a623-6422a4542d08","0.039882"
"2022-04-17 00:53:58","Standard_F8s_v2","centralus","4293f472-5c3d-56a4-baf6-14e74d7687a4","0.04386"
"2022-04-17 00:53:58","Standard_F8s_v2","eastus","665f7f15-c466-5c86-8fb5-a6611438140c","0.051748"
"2022-04-17 00:53:58","Standard_F8s_v2","eastus2","2f4ffac5-0aa2-5602-91c2-bc0fbcc76035","0.046002"
"2022-04-17 00:53:58","Standard_F8s_v2","northcentralus","10ec5a36-2744-5449-be52-1ddfdc7bfc42","0.03655"
"2022-04-17 00:53:58","Standard_F8s_v2","southcentralus","d4c1af16-c6bc-5dd5-a35a-7fab32289494","0.04386"
"2022-04-17 00:53:58","Standard_F8s_v2","westcentralus","e61f722a-e100-5e6b-9961-35050ac2871e","0.04386"
"2022-04-17 00:53:58","Standard_F8s_v2","westus","928e6e35-4432-5bad-99da-6775b7ed595b","0.04558"
"2022-04-17 00:53:58","Standard_F8s_v2","westus2","f3616e5b-8394-5de6-8c15-8cad7e5b4b69","0.051748"
"2022-04-17 00:53:58","Standard_F8s_v2","westus3","4074ef50-8b5a-5ed8-8dc0-fb25533ad68d","0.04558"
"2022-04-17 00:53:58","Standard_GS1","canadacentral","8dff410a-2fdd-5bbf-a08d-cde20a1a4dcf","0.0484"
"2022-04-17 00:53:58","Standard_GS1","canadaeast","c011c03b-d053-500f-a392-38c780401382","0.0484"
"2022-04-17 00:53:58","Standard_GS1","eastus2","82238ccf-40b0-575e-80df-a9d23523b7db","0.055"
"2022-04-17 00:53:58","Standard_GS1","westus","7404087a-b070-5589-bda1-f8bb493ed934","0.061"
"2022-04-17 00:53:58","Standard_GS1","westus2","5fb3d735-c2fe-5223-9749-efce84f25953","0.049"
"2022-04-17 00:53:58","Standard_NC4as_T4_v3","centralus","1d33e1d3-912f-5f57-9f84-a57d8dc171d8","0.063855"
"2022-04-17 00:53:58","Standard_NC4as_T4_v3","eastus","a90b9173-0c4d-57b4-8187-33de4ea75ec1","0.154749"
"2022-04-17 00:53:58","Standard_NC4as_T4_v3","eastus2","d0d2b0bc-19fc-5335-a435-dd9985330f0d","0.147701"
"2022-04-17 00:53:58","Standard_NC4as_T4_v3","northcentralus","2eb9565c-09e0-54fa-acda-0586a35f26f6","0.056545"
"2022-04-17 00:53:58","Standard_NC4as_T4_v3","southcentralus","56abbc67-f56d-5140-91c9-be7094fa578f","0.194474"
"2022-04-17 00:53:58","Standard_NC4as_T4_v3","westus","99d093df-f790-5ccd-8f1a-b5c709539b34","0.169108"
"2022-04-17 00:53:58","Standard_NC4as_T4_v3","westus2","c7447a1f-dc8a-59b3-8cfc-956c6479e168","0.154749"
"2022-04-17 00:53:58","Standard_NC4as_T4_v3","westus3","8ce069e2-e9a5-54eb-8aa5-884c29fabcce","0.067832"
